task_id,task_description,deadline,priority,assigned_user,user_workload,past_task_behavior,category,status,time_taken_(hours),deadline_days_remaining,task_length,has_keyword_urgent,is_weekend_deadline,category_encoded,status_encoded,priority_encoded,is_completed,user_current_load,past_behavior_score,workload,deadline_days
synthetic_87737,Setup monitoring for production servers.,2025-08-07,Urgent,user8,2.0,On Time,DevOps,To Do,0.9242036042438095,0.23636363636363636,0.6666666666666665,0,0,2.0,1.0,1.0,0.0,0.41666666666666674,1.0,0.5221560846560847,13
T0242,Restore database from backup,2025-08-27,High,User_6,5.0,Delayed,Development,Completed,0.7416666666666667,0.6,0.33333333333333326,0,0,2.0,0.0,0.0,1.0,0.6666666666666667,0.3,0.4649470899470899,33
synthetic_57303,Implement search functionality.,2025-08-17,Urgent,user1,6.0,Needs Improvement,Development,To Do,0.6712136395812296,0.41818181818181815,0.0,0,1,2.0,1.0,1.0,0.0,0.41666666666666674,0.3,0.5221560846560847,23
synthetic_27262,Update color palette and typography.,2025-08-16,Urgent,user2,7.0,On Time,Design,To Do,0.407940800046712,0.39999999999999997,0.6666666666666665,0,1,2.0,1.0,1.0,0.0,0.41666666666666674,1.0,0.5221560846560847,22
synthetic_33340,Write API reference documentation.,2025-07-28,Medium,user9,3.0,Late,Documentation,To Do,0.481451903169581,0.05454545454545454,0.33333333333333326,0,0,2.0,1.0,1.0,0.0,0.41666666666666674,0.5,0.5221560846560847,3
synthetic_67902,Redesign profile section layout.,2025-08-05,Urgent,user3,1.0,Late,Design,To Do,0.6462403371581709,0.19999999999999998,0.33333333333333326,0,0,2.0,1.0,1.0,0.0,0.41666666666666674,0.5,0.5221560846560847,11
T0203,Resolve payment gateway timeout issue,2025-09-10,High,User_8,2.0,Late,Design,Completed,0.7583333333333333,0.8545454545454545,0.6666666666666665,0,0,0.0,0.0,0.0,1.0,0.16666666666666674,0.5,0.5482804232804233,47
T0262,Patch security vulnerability in auth system,2025-07-29,High,User_9,8.0,Late,DevOps,In Progress,0.0,0.07272727272727272,1.0,0,0,1.0,1.0,0.0,0.0,0.33333333333333326,0.5,0.6375661375661378,4
T0266,Patch security vulnerability in auth system,2025-09-06,High,User_6,5.0,Delayed,Design,Completed,0.43333333333333335,0.7818181818181817,1.0,0,1,0.0,0.0,0.0,1.0,0.6666666666666667,0.3,0.7546296296296297,43
T0213,Resolve payment gateway timeout issue,2025-08-23,High,User_3,8.0,Delayed,Testing,Completed,0.9416666666666667,0.5272727272727272,0.6666666666666665,0,1,5.0,0.0,0.0,1.0,0.0,0.3,0.6712962962962964,29
T0176,Write integration tests for API,2025-08-09,Medium,User_5,10.0,On Time,Management,Pending,0.0,0.2727272727272727,0.6666666666666665,0,1,4.0,2.0,2.0,0.0,0.5833333333333333,1.0,0.6646825396825394,15
T0137,Refactor module for scalability,2025-09-08,Medium,User_6,8.0,On Time,Design,Pending,0.0,0.8181818181818181,0.33333333333333326,0,0,0.0,2.0,2.0,0.0,0.6666666666666667,1.0,0.6514550264550265,45
synthetic_28727,Create wireframes for onboarding screens.,2025-08-12,Urgent,user7,5.0,Needs Improvement,Design,To Do,0.9394346504921948,0.32727272727272727,0.6666666666666665,0,0,2.0,1.0,1.0,0.0,0.41666666666666674,0.3,0.5221560846560847,18
synthetic_51187,Write unit tests for payment module.,2025-08-11,Medium,user10,9.0,Excellent,Testing,To Do,0.3568086551667063,0.3090909090909091,1.0,0,0,2.0,1.0,1.0,0.0,0.41666666666666674,1.2,0.5221560846560847,17
synthetic_32669,Fix bugs in profile update API.,2025-07-24,Urgent,user4,1.0,Needs Improvement,Development,To Do,0.923141648261301,0.0,1.0,0,0,2.0,1.0,1.0,0.0,0.41666666666666674,0.3,0.5221560846560847,0
T0080,Update internal documentation,2025-08-19,Low,User_7,8.0,On Time,Management,Pending,0.0,0.45454545454545453,0.0,0,0,4.0,2.0,1.0,0.0,0.5833333333333333,1.0,0.4173280423280423,25
T0018,Organize shared team files,2025-09-17,Low,User_10,10.0,On Time,Management,Completed,0.19999999999999998,0.9818181818181818,0.33333333333333326,0,0,4.0,0.0,1.0,1.0,0.33333333333333326,1.0,0.7817460317460317,54
synthetic_21579,Plan sprint retrospective.,2025-08-19,Medium,user8,9.0,On Time,Management,To Do,0.7653183720721186,0.45454545454545453,0.0,0,0,2.0,1.0,1.0,0.0,0.41666666666666674,1.0,0.5221560846560847,25
T0195,Refactor module for scalability,2025-08-26,Medium,User_7,9.0,Late,DevOps,Completed,0.16666666666666666,0.5818181818181818,0.33333333333333326,0,0,1.0,0.0,2.0,1.0,0.5833333333333333,0.5,0.6124338624338624,32
T0004,Send status update to manager,2025-07-24,Low,User_8,5.0,Delayed,Testing,In Progress,0.0,0.0,0.6666666666666665,0,0,5.0,1.0,1.0,0.0,0.16666666666666674,0.3,0.3776455026455027,0
synthetic_97578,Optimize CI/CD pipeline.,2025-08-02,Medium,user10,4.0,On Time,DevOps,To Do,0.6109318652044183,0.14545454545454545,0.0,0,1,2.0,1.0,1.0,0.0,0.41666666666666674,1.0,0.5221560846560847,8
T0070,Update internal documentation,2025-08-06,Low,User_6,6.0,On Time,Management,In Progress,0.0,0.21818181818181817,0.0,0,0,4.0,1.0,1.0,0.0,0.6666666666666667,1.0,0.2632275132275132,12
T0025,Update internal documentation,2025-08-15,Low,User_10,2.0,Delayed,Management,Completed,0.2333333333333333,0.3818181818181818,0.0,0,0,4.0,0.0,1.0,1.0,0.33333333333333326,0.3,0.1633597883597884,21
T0281,Resolve payment gateway timeout issue,2025-07-22,High,User_9,2.0,Late,Management,Pending,0.0,0.0,0.6666666666666665,0,0,4.0,2.0,0.0,0.0,0.33333333333333326,0.5,0.25066137566137564,0
synthetic_53271,Design UI for dashboard module.,2025-08-10,High,user5,6.0,Needs Improvement,Design,To Do,0.178653269133957,0.2909090909090909,0.6666666666666665,0,1,2.0,1.0,1.0,0.0,0.41666666666666674,0.3,0.5221560846560847,16
T0085,Organize shared team files,2025-07-25,Low,User_5,8.0,Delayed,DevOps,Pending,0.0,0.0,0.33333333333333326,0,0,1.0,2.0,1.0,0.0,0.5833333333333333,0.3,0.38359788359788355,0
T0109,Write integration tests for API,2025-09-06,Medium,User_4,10.0,On Time,Development,In Progress,0.0,0.7818181818181817,0.6666666666666665,0,1,2.0,1.0,2.0,0.0,0.08333333333333326,1.0,0.8313492063492064,43
T0194,Create UI wireframes for feature,2025-08-07,Medium,User_1,2.0,Late,DevOps,Pending,0.0,0.23636363636363636,0.6666666666666665,0,0,1.0,2.0,2.0,0.0,0.9999999999999998,0.5,0.34589947089947093,13
synthetic_99820,Implement search functionality.,2025-08-19,Low,user9,5.0,On Time,Development,To Do,0.31098626623859604,0.45454545454545453,0.0,0,0,2.0,1.0,1.0,0.0,0.41666666666666674,1.0,0.5221560846560847,25
synthetic_43204,Redesign profile section layout.,2025-08-17,Urgent,user8,3.0,On Time,Design,To Do,0.5204874556665724,0.41818181818181815,0.33333333333333326,0,1,2.0,1.0,1.0,0.0,0.41666666666666674,1.0,0.5221560846560847,23
T0067,Schedule weekly team sync,2025-07-23,Low,User_7,5.0,Delayed,Management,Completed,0.8666666666666667,0.0,0.33333333333333326,0,0,4.0,0.0,1.0,1.0,0.5833333333333333,0.3,0.25661375661375657,0
T0204,Resolve payment gateway timeout issue,2025-08-29,High,User_10,7.0,Delayed,Testing,In Progress,0.0,0.6363636363636364,0.6666666666666665,0,0,5.0,1.0,0.0,0.0,0.33333333333333326,0.3,0.6686507936507936,35
T0058,Organize shared team files,2025-08-01,Low,User_1,4.0,On Time,DevOps,In Progress,0.0,0.12727272727272726,0.33333333333333326,0,0,1.0,1.0,1.0,0.0,0.9999999999999998,1.0,0.2718253968253968,7
T0072,Send status update to manager,2025-08-19,Low,User_1,2.0,Delayed,Management,Completed,0.775,0.45454545454545453,0.6666666666666665,0,0,4.0,0.0,1.0,1.0,0.9999999999999998,0.3,0.4173280423280423,25
synthetic_44512,Update system documentation for new features.,2025-08-04,Medium,user3,5.0,On Time,Documentation,To Do,0.6764440655995942,0.18181818181818182,1.0,0,0,2.0,1.0,1.0,0.0,0.41666666666666674,1.0,0.5221560846560847,10
T0177,Refactor module for scalability,2025-07-28,Medium,User_1,7.0,Delayed,Design,In Progress,0.0,0.05454545454545454,0.33333333333333326,0,0,0.0,1.0,2.0,0.0,0.9999999999999998,0.3,0.363095238095238,3
synthetic_72571,Prepare user guide for module deployment.,2025-08-13,Urgent,user6,10.0,Excellent,Documentation,To Do,0.3496643058352932,0.34545454545454546,1.0,0,0,2.0,1.0,1.0,0.0,0.41666666666666674,1.2,0.5221560846560847,19
T0136,Create UI wireframes for feature,2025-09-17,Medium,User_5,6.0,Delayed,Design,Completed,0.7249999999999999,0.9818181818181818,0.6666666666666665,0,0,0.0,0.0,2.0,1.0,0.5833333333333333,0.3,0.7433862433862434,54
T0279,Deploy hotfix for customer complaints,2025-07-25,High,User_5,6.0,Delayed,Development,In Progress,0.0,0.0,0.6666666666666665,0,0,2.0,1.0,0.0,0.0,0.5833333333333333,0.3,0.4219576719576719,0
synthetic_11423,Write API reference documentation.,2025-08-18,Urgent,user9,7.0,Needs Improvement,Documentation,To Do,0.7168523872832031,0.43636363636363634,0.33333333333333326,0,0,2.0,1.0,1.0,0.0,0.41666666666666674,0.3,0.5221560846560847,24
T0149,Write integration tests for API,2025-07-24,Medium,User_9,10.0,Late,Management,Pending,0.0,0.0,0.6666666666666665,0,0,4.0,2.0,2.0,0.0,0.33333333333333326,0.5,0.5694444444444444,0
T0186,Write integration tests for API,2025-07-23,Medium,User_5,9.0,Delayed,DevOps,Completed,0.18333333333333335,0.0,0.6666666666666665,0,0,1.0,0.0,2.0,1.0,0.5833333333333333,0.3,0.5251322751322751,0
T0057,Organize shared team files,2025-09-03,Low,User_8,3.0,Delayed,Testing,In Progress,0.0,0.7272727272727273,0.33333333333333326,0,0,5.0,1.0,1.0,0.0,0.16666666666666674,0.3,0.42989417989417983,40
T0175,Review peer pull requests,2025-07-27,Medium,User_7,10.0,Late,Development,Pending,0.0,0.03636363636363636,0.33333333333333326,0,1,2.0,2.0,2.0,0.0,0.5833333333333333,0.5,0.4722222222222223,2
T0113,Write integration tests for API,2025-07-26,Medium,User_5,9.0,Delayed,Documentation,Completed,0.775,0.01818181818181818,0.6666666666666665,0,1,3.0,0.0,2.0,1.0,0.5833333333333333,0.3,0.5429894179894179,1
T0074,Clean up old logs from server,2025-08-06,Low,User_8,4.0,On Time,Documentation,Completed,0.9416666666666667,0.21818181818181817,1.0,0,0,3.0,0.0,1.0,1.0,0.16666666666666674,1.0,0.5317460317460317,12
T0082,Send status update to manager,2025-07-30,Low,User_10,6.0,On Time,DevOps,Pending,0.0,0.09090909090909091,0.6666666666666665,0,0,1.0,2.0,1.0,0.0,0.33333333333333326,1.0,0.4517195767195767,5
T0159,Write integration tests for API,2025-08-25,Medium,User_9,8.0,Delayed,DevOps,Completed,0.8666666666666667,0.5636363636363636,0.6666666666666665,0,0,1.0,0.0,2.0,1.0,0.33333333333333326,0.3,0.6832010582010581,31
synthetic_87801,Plan sprint retrospective.,2025-07-24,Urgent,user5,5.0,Needs Improvement,Management,To Do,0.3810522600673575,0.0,0.0,0,0,2.0,1.0,1.0,0.0,0.41666666666666674,0.3,0.5221560846560847,0
T0022,Clean up old logs from server,2025-08-28,Low,User_6,3.0,On Time,DevOps,Completed,0.9416666666666667,0.6181818181818182,1.0,0,0,1.0,0.0,1.0,1.0,0.6666666666666667,1.0,0.6243386243386244,34
T0269,Fix critical bug in deployment pipeline,2025-08-13,High,User_10,1.0,Late,Documentation,Completed,0.3333333333333333,0.34545454545454546,1.0,0,0,3.0,0.0,0.0,1.0,0.33333333333333326,0.5,0.45833333333333337,19
T0116,Create UI wireframes for feature,2025-08-02,Medium,User_8,1.0,On Time,Design,Completed,0.8833333333333333,0.14545454545454545,0.6666666666666665,0,1,0.0,0.0,2.0,1.0,0.16666666666666674,1.0,0.27777777777777773,8
synthetic_94121,Write unit tests for payment module.,2025-08-20,Urgent,user5,10.0,Excellent,Testing,To Do,0.8234374603018413,0.4727272727272727,1.0,0,0,2.0,1.0,1.0,0.0,0.41666666666666674,1.2,0.5221560846560847,26
synthetic_98017,Coordinate interdepartmental meeting.,2025-08-15,Urgent,user7,6.0,Late,Management,To Do,0.7839737930240149,0.3818181818181818,0.0,0,0,2.0,1.0,1.0,0.0,0.41666666666666674,0.5,0.5221560846560847,21
T0001,Update internal documentation,2025-08-27,Low,User_4,4.0,Late,Management,In Progress,0.0,0.6,0.0,0,0,4.0,1.0,1.0,0.0,0.08333333333333326,0.5,0.31150793650793646,33
T0119,Write integration tests for API,2025-08-16,Medium,User_2,9.0,Late,Documentation,Pending,0.0,0.39999999999999997,0.6666666666666665,0,1,3.0,2.0,2.0,0.0,0.41666666666666674,0.5,0.6679894179894179,22
T0225,Restore database from backup,2025-09-07,High,User_7,2.0,Delayed,Documentation,Completed,0.7583333333333333,0.7999999999999999,0.33333333333333326,0,1,3.0,0.0,0.0,1.0,0.5833333333333333,0.3,0.4153439153439153,44
T0140,Create UI wireframes for feature,2025-09-10,Medium,User_3,9.0,Late,Documentation,In Progress,0.0,0.8545454545454545,0.6666666666666665,0,0,3.0,1.0,2.0,0.0,0.0,0.5,0.8167989417989416,47
T0020,Update internal documentation,2025-07-25,Low,User_3,7.0,Late,Development,Pending,0.0,0.0,0.0,0,0,2.0,2.0,1.0,0.0,0.0,0.5,0.23015873015873015,0
synthetic_98470,Create wireframes for onboarding screens.,2025-08-05,High,user6,7.0,Needs Improvement,Design,To Do,0.3041648643354111,0.19999999999999998,0.6666666666666665,0,0,2.0,1.0,1.0,0.0,0.41666666666666674,0.3,0.5221560846560847,11
T0264,Restore database from backup,2025-08-22,High,User_10,8.0,Late,Testing,Completed,0.9249999999999999,0.509090909090909,0.33333333333333326,0,0,5.0,0.0,0.0,1.0,0.33333333333333326,0.5,0.5502645502645503,28
synthetic_17149,Conduct load testing for new API.,2025-08-11,Urgent,user2,2.0,Needs Improvement,Testing,To Do,0.3695236547972738,0.3090909090909091,1.0,0,0,2.0,1.0,1.0,0.0,0.41666666666666674,0.3,0.5221560846560847,17
T0231,Patch security vulnerability in auth system,2025-08-04,High,User_6,2.0,On Time,DevOps,Completed,0.39999999999999997,0.18181818181818182,1.0,0,0,1.0,0.0,0.0,1.0,0.6666666666666667,1.0,0.4431216931216931,10
T0083,Clean up old logs from server,2025-08-30,Low,User_8,4.0,Delayed,Design,Pending,0.0,0.6545454545454545,1.0,0,1,0.0,2.0,1.0,0.0,0.16666666666666674,0.3,0.6746031746031744,36
synthetic_22926,Write API reference documentation.,2025-08-07,Low,user2,10.0,Needs Improvement,Documentation,To Do,0.5814187551509244,0.23636363636363636,0.33333333333333326,0,0,2.0,1.0,1.0,0.0,0.41666666666666674,0.3,0.5221560846560847,13
synthetic_73068,Create wireframes for onboarding screens.,2025-08-14,High,user7,4.0,Excellent,Design,To Do,0.8513546905120446,0.36363636363636365,0.6666666666666665,0,0,2.0,1.0,1.0,0.0,0.41666666666666674,1.2,0.5221560846560847,20
T0289,Fix critical bug in deployment pipeline,2025-07-27,High,User_2,8.0,Delayed,DevOps,Pending,0.0,0.03636363636363636,1.0,0,1,1.0,2.0,0.0,0.0,0.41666666666666674,0.3,0.6256613756613756,2
T0221,Fix critical bug in deployment pipeline,2025-08-29,High,User_1,4.0,On Time,Testing,Completed,0.7416666666666667,0.6363636363636364,1.0,0,0,5.0,0.0,0.0,1.0,0.9999999999999998,1.0,0.6686507936507937,35
T0299,Deploy hotfix for customer complaints,2025-09-14,High,User_9,6.0,On Time,Design,Completed,0.5249999999999999,0.9272727272727272,0.6666666666666665,0,1,0.0,0.0,0.0,1.0,0.33333333333333326,1.0,0.7255291005291006,51
synthetic_89762,Allocate resources for upcoming milestone.,2025-08-02,Low,user8,10.0,Late,Management,To Do,0.4221944221817731,0.14545454545454545,0.6666666666666665,0,1,2.0,1.0,1.0,0.0,0.41666666666666674,0.5,0.5221560846560847,8
T0293,Deploy hotfix for customer complaints,2025-07-30,High,User_9,1.0,Delayed,Development,In Progress,0.0,0.09090909090909091,0.6666666666666665,0,0,2.0,1.0,0.0,0.0,0.33333333333333326,0.3,0.2599206349206349,5
T0237,Fix critical bug in deployment pipeline,2025-09-18,High,User_9,8.0,Delayed,Development,Completed,0.3833333333333333,1.0,1.0,0,0,2.0,0.0,0.0,1.0,0.33333333333333326,0.3,0.9411375661375662,55
synthetic_75186,Plan sprint retrospective.,2025-07-22,Medium,user2,6.0,Needs Improvement,Management,To Do,0.17609984972176143,0.0,0.0,0,0,2.0,1.0,1.0,0.0,0.41666666666666674,0.3,0.5221560846560847,0
T0283,Deploy hotfix for customer complaints,2025-09-09,High,User_2,10.0,On Time,Management,In Progress,0.0,0.8363636363636363,0.6666666666666665,0,0,4.0,1.0,0.0,0.0,0.41666666666666674,1.0,0.8492063492063492,46
synthetic_56601,Optimize CI/CD pipeline.,2025-07-24,Urgent,user1,2.0,Needs Improvement,DevOps,To Do,0.37699280057760143,0.0,0.0,0,0,2.0,1.0,1.0,0.0,0.41666666666666674,0.3,0.5221560846560847,0
T0222,Restore database from backup,2025-08-26,High,User_7,10.0,Late,Development,In Progress,0.0,0.5818181818181818,0.33333333333333326,0,0,2.0,1.0,0.0,0.0,0.5833333333333333,0.5,0.6507936507936509,32
synthetic_97057,Setup monitoring for production servers.,2025-08-15,Urgent,user10,2.0,Excellent,DevOps,To Do,0.7790862382730659,0.3818181818181818,0.6666666666666665,0,0,2.0,1.0,1.0,0.0,0.41666666666666674,1.2,0.5221560846560847,21
synthetic_74495,Update color palette and typography.,2025-08-15,Urgent,user8,5.0,On Time,Design,To Do,0.8714266510818703,0.3818181818181818,0.6666666666666665,0,0,2.0,1.0,1.0,0.0,0.41666666666666674,1.0,0.5221560846560847,21
T0166,Update user guides,2025-08-12,Medium,User_7,7.0,On Time,Testing,Pending,0.0,0.32727272727272727,0.0,0,0,5.0,2.0,2.0,0.0,0.5833333333333333,1.0,0.3373015873015872,18
synthetic_16043,Conduct load testing for new API.,2025-08-04,High,user10,10.0,Needs Improvement,Testing,To Do,0.526481963530063,0.18181818181818182,1.0,0,0,2.0,1.0,1.0,0.0,0.41666666666666674,0.3,0.5221560846560847,10
T0098,Update internal documentation,2025-08-15,Low,User_8,1.0,Late,Documentation,In Progress,0.0,0.3818181818181818,0.0,0,0,3.0,1.0,1.0,0.0,0.16666666666666674,0.5,0.125,21
T0208,Deploy hotfix for customer complaints,2025-08-27,High,User_7,6.0,On Time,Testing,Pending,0.0,0.6,0.6666666666666665,0,0,5.0,2.0,0.0,0.0,0.5833333333333333,1.0,0.6183862433862435,33
synthetic_28425,Update system documentation for new features.,2025-08-18,High,user4,5.0,On Time,Documentation,To Do,0.9422426019249196,0.43636363636363634,1.0,0,0,2.0,1.0,1.0,0.0,0.41666666666666674,1.0,0.5221560846560847,24
synthetic_81727,Write unit tests for payment module.,2025-08-02,High,user10,1.0,Excellent,Testing,To Do,0.21893603098063333,0.14545454545454545,1.0,0,1,2.0,1.0,1.0,0.0,0.41666666666666674,1.2,0.5221560846560847,8
T0103,Write integration tests for API,2025-09-18,Medium,User_8,1.0,On Time,DevOps,Pending,0.0,1.0,0.6666666666666665,0,0,1.0,2.0,2.0,0.0,0.16666666666666674,1.0,0.5575396825396824,55
T0051,Schedule weekly team sync,2025-08-22,Low,User_1,4.0,Late,Testing,In Progress,0.0,0.509090909090909,0.33333333333333326,0,0,5.0,1.0,1.0,0.0,0.9999999999999998,0.5,0.39682539682539675,28
T0169,Review peer pull requests,2025-09-01,Medium,User_2,8.0,On Time,Management,Completed,0.15833333333333333,0.6909090909090909,0.33333333333333326,0,0,4.0,0.0,2.0,1.0,0.41666666666666674,1.0,0.6097883597883598,38
T0043,Update internal documentation,2025-08-28,Low,User_5,7.0,On Time,Testing,Completed,0.32499999999999996,0.6181818181818182,0.0,0,0,5.0,0.0,1.0,1.0,0.5833333333333333,1.0,0.43253968253968245,34
T0217,Restore database from backup,2025-07-24,High,User_10,1.0,Delayed,Development,Completed,0.14166666666666666,0.0,0.33333333333333326,0,0,2.0,0.0,0.0,1.0,0.33333333333333326,0.3,0.10912698412698413,0
synthetic_62480,Redesign profile section layout.,2025-07-23,High,user8,9.0,Needs Improvement,Design,To Do,0.3107779869546181,0.0,0.33333333333333326,0,0,2.0,1.0,1.0,0.0,0.41666666666666674,0.3,0.5221560846560847,0
T0021,Organize shared team files,2025-07-27,Low,User_7,3.0,Late,Development,Completed,0.20833333333333331,0.03636363636363636,0.33333333333333326,0,1,2.0,0.0,1.0,1.0,0.5833333333333333,0.5,0.2037037037037037,2
T0030,Send status update to manager,2025-08-25,Low,User_1,7.0,On Time,Management,In Progress,0.0,0.5636363636363636,0.6666666666666665,0,0,4.0,1.0,1.0,0.0,0.9999999999999998,1.0,0.6448412698412697,31
T0287,Deploy hotfix for customer complaints,2025-09-10,High,User_2,3.0,On Time,Documentation,Completed,0.7416666666666667,0.8545454545454545,0.6666666666666665,0,0,3.0,0.0,0.0,1.0,0.41666666666666674,1.0,0.5866402116402116,47
T0157,Refactor module for scalability,2025-09-16,Medium,User_6,4.0,Delayed,Design,In Progress,0.0,0.9636363636363636,0.33333333333333326,0,0,0.0,1.0,2.0,0.0,0.6666666666666667,0.3,0.5456349206349206,53
T0288,Resolve payment gateway timeout issue,2025-09-12,High,User_5,4.0,Delayed,Testing,In Progress,0.0,0.8909090909090909,0.6666666666666665,0,0,5.0,1.0,0.0,0.0,0.5833333333333333,0.3,0.6369047619047618,49
synthetic_98333,Prepare user guide for module deployment.,2025-07-27,High,user6,3.0,Excellent,Documentation,To Do,0.3612161664695213,0.03636363636363636,1.0,0,1,2.0,1.0,1.0,0.0,0.41666666666666674,1.2,0.5221560846560847,2
T0039,Send status update to manager,2025-07-29,Low,User_10,6.0,Delayed,Development,In Progress,0.0,0.07272727272727272,0.6666666666666665,0,0,2.0,1.0,1.0,0.0,0.33333333333333326,0.3,0.4457671957671957,4
T0247,Fix critical bug in deployment pipeline,2025-08-25,High,User_8,7.0,Late,Design,Pending,0.0,0.5636363636363636,1.0,0,0,0.0,2.0,0.0,0.0,0.16666666666666674,0.5,0.759920634920635,31
synthetic_54335,Redesign profile section layout.,2025-07-25,High,user4,10.0,Late,Design,To Do,0.577559759692118,0.0,0.33333333333333326,0,0,2.0,1.0,1.0,0.0,0.41666666666666674,0.5,0.5221560846560847,0
T0250,Deploy hotfix for customer complaints,2025-08-14,High,User_7,6.0,Late,DevOps,Pending,0.0,0.36363636363636365,0.6666666666666665,0,0,1.0,2.0,0.0,0.0,0.5833333333333333,0.5,0.541005291005291,20
T0235,Restore database from backup,2025-09-16,High,User_9,5.0,Delayed,DevOps,Completed,0.4083333333333333,0.9636363636363636,0.33333333333333326,0,0,1.0,0.0,0.0,1.0,0.33333333333333326,0.3,0.583994708994709,53
T0165,Create UI wireframes for feature,2025-08-12,Medium,User_2,8.0,On Time,DevOps,In Progress,0.0,0.32727272727272727,0.6666666666666665,0,0,1.0,1.0,2.0,0.0,0.41666666666666674,1.0,0.6058201058201057,18
T0249,Deploy hotfix for customer complaints,2025-09-04,High,User_6,7.0,Delayed,DevOps,Completed,0.7,0.7454545454545454,0.6666666666666665,0,0,1.0,0.0,0.0,1.0,0.6666666666666667,0.3,0.7043650793650794,41
T0107,Review peer pull requests,2025-07-24,Medium,User_9,2.0,Late,DevOps,Completed,0.15,0.0,0.33333333333333326,0,0,1.0,0.0,2.0,1.0,0.33333333333333326,0.5,0.14748677248677247,0
synthetic_72991,Coordinate interdepartmental meeting.,2025-08-16,Low,user9,9.0,Late,Management,To Do,0.5281566312282766,0.39999999999999997,0.0,0,1,2.0,1.0,1.0,0.0,0.41666666666666674,0.5,0.5221560846560847,22
synthetic_25203,Setup monitoring for production servers.,2025-08-16,Urgent,user8,1.0,Late,DevOps,To Do,0.3044375021758721,0.39999999999999997,0.6666666666666665,0,1,2.0,1.0,1.0,0.0,0.41666666666666674,0.5,0.5221560846560847,22
synthetic_46940,Write unit tests for payment module.,2025-07-27,Urgent,user7,1.0,Excellent,Testing,To Do,0.46203823486223145,0.03636363636363636,1.0,0,1,2.0,1.0,1.0,0.0,0.41666666666666674,1.2,0.5221560846560847,2
T0093,Schedule weekly team sync,2025-08-04,Low,User_6,1.0,Delayed,Design,Pending,0.0,0.18181818181818182,0.33333333333333326,0,0,0.0,2.0,1.0,0.0,0.6666666666666667,0.3,0.17460317460317462,10
T0201,Resolve payment gateway timeout issue,2025-08-20,High,User_2,9.0,Late,Documentation,In Progress,0.0,0.4727272727272727,0.6666666666666665,0,0,3.0,1.0,0.0,0.0,0.41666666666666674,0.5,0.691798941798942,26
synthetic_84318,Create onboarding manual for new developers.,2025-08-03,Urgent,user7,8.0,On Time,Documentation,To Do,0.5044805559106085,0.16363636363636364,1.0,0,1,2.0,1.0,1.0,0.0,0.41666666666666674,1.0,0.5221560846560847,9
T0105,Write integration tests for API,2025-08-20,Medium,User_2,8.0,On Time,Management,In Progress,0.0,0.4727272727272727,0.6666666666666665,0,0,4.0,1.0,2.0,0.0,0.41666666666666674,1.0,0.6534391534391534,26
T0212,Deploy hotfix for customer complaints,2025-08-14,High,User_6,3.0,Delayed,DevOps,Pending,0.0,0.36363636363636365,0.6666666666666665,0,0,1.0,2.0,0.0,0.0,0.6666666666666667,0.3,0.42592592592592593,20
synthetic_45040,Setup monitoring for production servers.,2025-08-20,Urgent,user7,9.0,Late,DevOps,To Do,0.9379434719660866,0.4727272727272727,0.6666666666666665,0,0,2.0,1.0,1.0,0.0,0.41666666666666674,0.5,0.5221560846560847,26
T0023,Send status update to manager,2025-09-06,Low,User_4,10.0,Delayed,Testing,Pending,0.0,0.7818181818181817,0.6666666666666665,0,1,5.0,2.0,1.0,0.0,0.08333333333333326,0.3,0.8313492063492064,43
T0012,Organize shared team files,2025-08-18,Low,User_8,2.0,Delayed,Design,Completed,0.21666666666666667,0.43636363636363634,0.33333333333333326,0,0,0.0,0.0,1.0,1.0,0.16666666666666674,0.3,0.2962962962962963,24
T0129,Write integration tests for API,2025-09-14,Medium,User_2,4.0,On Time,DevOps,Completed,0.35,0.9272727272727272,0.6666666666666665,0,1,1.0,0.0,2.0,1.0,0.41666666666666674,1.0,0.648809523809524,51
T0038,Organize shared team files,2025-08-05,Low,User_2,3.0,Late,Design,Completed,1.0,0.19999999999999998,0.33333333333333326,0,0,0.0,0.0,1.0,1.0,0.41666666666666674,0.5,0.25727513227513227,11
synthetic_24245,Create onboarding manual for new developers.,2025-07-25,High,user10,5.0,Needs Improvement,Documentation,To Do,0.9112941423691281,0.0,1.0,0,0,2.0,1.0,1.0,0.0,0.41666666666666674,0.3,0.5221560846560847,0
T0260,Restore database from backup,2025-08-05,High,User_4,6.0,On Time,Testing,Completed,0.5833333333333333,0.19999999999999998,0.33333333333333326,0,0,5.0,0.0,0.0,1.0,0.08333333333333326,1.0,0.3723544973544973,11
T0251,Resolve payment gateway timeout issue,2025-09-03,High,User_3,10.0,On Time,Management,Completed,0.9166666666666666,0.7272727272727273,0.6666666666666665,0,0,4.0,0.0,0.0,1.0,0.0,1.0,0.8134920634920634,40
T0063,Clean up old logs from server,2025-08-01,Low,User_9,7.0,Late,Management,In Progress,0.0,0.12727272727272726,1.0,0,0,4.0,1.0,1.0,0.0,0.33333333333333326,0.5,0.617063492063492,7
T0053,Send status update to manager,2025-08-13,Low,User_2,8.0,On Time,Testing,Pending,0.0,0.34545454545454546,0.6666666666666665,0,0,5.0,2.0,1.0,0.0,0.41666666666666674,1.0,0.6117724867724867,19
T0227,Fix critical bug in deployment pipeline,2025-07-29,High,User_7,3.0,On Time,Documentation,Completed,0.4083333333333333,0.07272727272727272,1.0,0,0,3.0,0.0,0.0,1.0,0.5833333333333333,1.0,0.44576719576719576,4
T0147,Create UI wireframes for feature,2025-07-28,Medium,User_8,4.0,Late,Testing,Completed,0.6583333333333333,0.05454545454545454,0.6666666666666665,0,0,5.0,0.0,2.0,1.0,0.16666666666666674,0.5,0.363095238095238,3
T0064,Clean up old logs from server,2025-09-11,Low,User_7,5.0,Delayed,Development,Completed,0.5666666666666667,0.8727272727272727,1.0,0,0,2.0,0.0,1.0,1.0,0.5833333333333333,0.3,0.7843915343915344,48
T0290,Restore database from backup,2025-08-30,High,User_9,9.0,On Time,Design,Pending,0.0,0.6545454545454545,0.33333333333333326,0,1,0.0,2.0,0.0,0.0,0.33333333333333326,1.0,0.6362433862433863,36
T0010,Update internal documentation,2025-08-05,Low,User_5,9.0,On Time,Documentation,Completed,0.7,0.19999999999999998,0.0,0,0,3.0,0.0,1.0,1.0,0.5833333333333333,1.0,0.3723544973544973,11
T0163,Write integration tests for API,2025-09-03,Medium,User_7,4.0,Delayed,Design,In Progress,0.0,0.7272727272727273,0.6666666666666665,0,0,0.0,1.0,2.0,0.0,0.5833333333333333,0.3,0.5833333333333334,40
T0248,Resolve payment gateway timeout issue,2025-08-03,High,User_2,6.0,Late,Documentation,Completed,0.8916666666666666,0.16363636363636364,0.6666666666666665,0,1,3.0,0.0,0.0,1.0,0.41666666666666674,0.5,0.47552910052910047,9
T0233,Fix critical bug in deployment pipeline,2025-07-30,High,User_7,3.0,Delayed,Testing,Completed,0.9166666666666666,0.09090909090909091,1.0,0,0,5.0,0.0,0.0,1.0,0.5833333333333333,0.3,0.4517195767195768,5
T0133,Update user guides,2025-08-31,Medium,User_10,4.0,Delayed,Documentation,In Progress,0.0,0.6727272727272727,0.0,0,1,3.0,1.0,2.0,0.0,0.33333333333333326,0.3,0.3353174603174603,37
synthetic_26293,Create wireframes for onboarding screens.,2025-07-31,High,user9,4.0,Excellent,Design,To Do,0.62157639483378,0.10909090909090909,0.6666666666666665,0,0,2.0,1.0,1.0,0.0,0.41666666666666674,1.2,0.5221560846560847,6
T0239,Resolve payment gateway timeout issue,2025-08-02,High,User_4,7.0,Delayed,Testing,Pending,0.0,0.14545454545454545,0.6666666666666665,0,1,5.0,2.0,0.0,0.0,0.08333333333333326,0.3,0.5079365079365079,8
T0042,Clean up old logs from server,2025-09-10,Low,User_4,4.0,Late,Design,In Progress,0.0,0.8545454545454545,1.0,0,0,0.0,1.0,1.0,0.0,0.08333333333333326,0.5,0.7400793650793651,47
synthetic_84126,Prepare user guide for module deployment.,2025-08-12,Urgent,user9,1.0,Late,Documentation,To Do,0.8691132745740863,0.32727272727272727,1.0,0,0,2.0,1.0,1.0,0.0,0.41666666666666674,0.5,0.5221560846560847,18
T0282,Deploy hotfix for customer complaints,2025-07-23,High,User_10,10.0,Delayed,Management,Pending,0.0,0.0,0.6666666666666665,0,0,4.0,2.0,0.0,0.0,0.33333333333333326,0.3,0.5634920634920635,0
T0110,Write integration tests for API,2025-08-29,Medium,User_3,1.0,On Time,DevOps,Pending,0.0,0.6363636363636364,0.6666666666666665,0,0,1.0,2.0,2.0,0.0,0.0,1.0,0.43849206349206343,35
T0182,Refactor module for scalability,2025-08-15,Medium,User_9,2.0,Late,Testing,Pending,0.0,0.3818181818181818,0.33333333333333326,0,0,5.0,2.0,2.0,0.0,0.33333333333333326,0.5,0.27843915343915343,21
T0091,Clean up old logs from server,2025-09-01,Low,User_1,6.0,Delayed,Documentation,Completed,0.41666666666666663,0.6909090909090909,1.0,0,0,3.0,0.0,1.0,1.0,0.9999999999999998,0.3,0.7632275132275133,38
T0066,Update internal documentation,2025-09-06,Low,User_10,3.0,On Time,Documentation,In Progress,0.0,0.7818181818181817,0.0,0,1,3.0,1.0,1.0,0.0,0.33333333333333326,1.0,0.3326719576719576,43
T0198,Create UI wireframes for feature,2025-08-14,Medium,User_8,8.0,Delayed,Development,Pending,0.0,0.36363636363636365,0.6666666666666665,0,0,2.0,2.0,2.0,0.0,0.16666666666666674,0.3,0.6177248677248677,20
T0246,Patch security vulnerability in auth system,2025-07-22,High,User_4,3.0,Delayed,Testing,Completed,0.9249999999999999,0.0,1.0,0,0,5.0,0.0,0.0,1.0,0.08333333333333326,0.3,0.4041005291005291,0
T0245,Deploy hotfix for customer complaints,2025-08-29,High,User_6,1.0,On Time,DevOps,Completed,0.8916666666666666,0.6363636363636364,0.6666666666666665,0,0,1.0,0.0,0.0,1.0,0.6666666666666667,1.0,0.43849206349206343,35
synthetic_73754,Create onboarding manual for new developers.,2025-07-31,Urgent,user7,10.0,Needs Improvement,Documentation,To Do,0.7745281167771509,0.10909090909090909,1.0,0,0,2.0,1.0,1.0,0.0,0.41666666666666674,0.3,0.5221560846560847,6
T0211,Patch security vulnerability in auth system,2025-09-14,High,User_3,2.0,On Time,Testing,Pending,0.0,0.9272727272727272,1.0,0,1,5.0,2.0,0.0,0.0,0.0,1.0,0.6871693121693123,51
synthetic_52794,Create onboarding manual for new developers.,2025-07-27,High,user5,7.0,Late,Documentation,To Do,0.8446395874417207,0.03636363636363636,1.0,0,1,2.0,1.0,1.0,0.0,0.41666666666666674,0.5,0.5221560846560847,2
synthetic_62355,Prepare user guide for module deployment.,2025-07-22,Urgent,user10,8.0,Needs Improvement,Documentation,To Do,0.5152472041181648,0.0,1.0,0,0,2.0,1.0,1.0,0.0,0.41666666666666674,0.3,0.5221560846560847,0
T0205,Fix critical bug in deployment pipeline,2025-08-18,High,User_3,9.0,Delayed,Management,Pending,0.0,0.43636363636363634,1.0,0,0,4.0,2.0,0.0,0.0,0.0,0.3,0.7949735449735452,24
T0144,Update user guides,2025-08-24,Medium,User_8,1.0,On Time,Testing,Pending,0.0,0.5454545454545454,0.0,0,1,5.0,2.0,2.0,0.0,0.16666666666666674,1.0,0.17857142857142858,30
synthetic_23326,Create onboarding manual for new developers.,2025-08-16,Low,user1,7.0,Excellent,Documentation,To Do,0.4352518666731833,0.39999999999999997,1.0,0,1,2.0,1.0,1.0,0.0,0.41666666666666674,1.2,0.5221560846560847,22
T0257,Resolve payment gateway timeout issue,2025-07-28,High,User_5,1.0,Late,Management,Completed,0.19166666666666665,0.05454545454545454,0.6666666666666665,0,0,4.0,0.0,0.0,1.0,0.5833333333333333,0.5,0.248015873015873,3
T0171,Update user guides,2025-08-05,Medium,User_10,1.0,Delayed,DevOps,Pending,0.0,0.19999999999999998,0.0,0,0,1.0,2.0,2.0,0.0,0.33333333333333326,0.3,0.06547619047619052,11
T0220,Deploy hotfix for customer complaints,2025-09-16,High,User_1,3.0,On Time,Development,Completed,0.18333333333333335,0.9636363636363636,0.6666666666666665,0,0,2.0,0.0,0.0,1.0,0.9999999999999998,1.0,0.6223544973544973,53
T0095,Update internal documentation,2025-08-22,Low,User_6,2.0,Delayed,Development,In Progress,0.0,0.509090909090909,0.0,0,0,2.0,1.0,1.0,0.0,0.6666666666666667,0.3,0.20502645502645503,28
T0097,Clean up old logs from server,2025-09-04,Low,User_1,3.0,On Time,Management,Completed,0.35,0.7454545454545454,1.0,0,0,4.0,0.0,1.0,1.0,0.9999999999999998,1.0,0.666005291005291,41
T0200,Create UI wireframes for feature,2025-08-05,Medium,User_8,7.0,Late,Management,Pending,0.0,0.19999999999999998,0.6666666666666665,0,0,4.0,2.0,2.0,0.0,0.16666666666666674,0.5,0.5257936507936508,11
T0261,Restore database from backup,2025-08-13,High,User_9,6.0,On Time,Documentation,Pending,0.0,0.34545454545454546,0.33333333333333326,0,0,3.0,2.0,0.0,0.0,0.33333333333333326,1.0,0.419973544973545,19
T0106,Update user guides,2025-09-08,Medium,User_2,1.0,Late,Design,In Progress,0.0,0.8181818181818181,0.0,0,0,0.0,1.0,2.0,0.0,0.41666666666666674,0.5,0.26785714285714285,45
T0224,Restore database from backup,2025-08-17,High,User_10,2.0,On Time,Documentation,Pending,0.0,0.41818181818181815,0.33333333333333326,0,1,3.0,2.0,0.0,0.0,0.33333333333333326,1.0,0.29034391534391535,23
synthetic_76465,Allocate resources for upcoming milestone.,2025-07-22,Low,user10,8.0,Excellent,Management,To Do,0.8431277018881997,0.0,0.6666666666666665,0,0,2.0,1.0,1.0,0.0,0.41666666666666674,1.2,0.5221560846560847,0
T0125,Create UI wireframes for feature,2025-09-13,Medium,User_7,9.0,Delayed,DevOps,In Progress,0.0,0.9090909090909091,0.6666666666666665,0,1,1.0,1.0,2.0,0.0,0.5833333333333333,0.3,0.8346560846560847,50
T0241,Resolve payment gateway timeout issue,2025-09-01,High,User_1,8.0,Late,Development,Completed,0.4666666666666666,0.6909090909090909,0.6666666666666665,0,0,2.0,0.0,0.0,1.0,0.9999999999999998,0.5,0.7248677248677248,38
T0143,Refactor module for scalability,2025-08-29,Medium,User_1,8.0,Delayed,Management,Pending,0.0,0.6363636363636364,0.33333333333333326,0,0,4.0,2.0,2.0,0.0,0.9999999999999998,0.3,0.5919312169312169,35
T0167,Refactor module for scalability,2025-07-22,Medium,User_7,7.0,Delayed,Development,In Progress,0.0,0.0,0.33333333333333326,0,0,2.0,1.0,2.0,0.0,0.5833333333333333,0.3,0.32738095238095233,0
T0130,Write integration tests for API,2025-08-26,Medium,User_6,8.0,Late,Design,Pending,0.0,0.5818181818181818,0.6666666666666665,0,0,0.0,2.0,2.0,0.0,0.6666666666666667,0.5,0.6891534391534391,32
synthetic_55379,Refactor user authentication module.,2025-08-01,Medium,user10,9.0,On Time,Development,To Do,0.8368834524314732,0.12727272727272726,0.33333333333333326,0,0,2.0,1.0,1.0,0.0,0.41666666666666674,1.0,0.5221560846560847,7
T0104,Review peer pull requests,2025-09-18,Medium,User_4,4.0,Delayed,Testing,Completed,0.41666666666666663,1.0,0.33333333333333326,0,0,5.0,0.0,2.0,1.0,0.08333333333333326,0.3,0.5575396825396824,55
T0207,Resolve payment gateway timeout issue,2025-07-22,High,User_8,2.0,Late,Development,Completed,0.6749999999999999,0.0,0.6666666666666665,0,0,2.0,0.0,0.0,1.0,0.16666666666666674,0.5,0.25066137566137564,0
T0188,Review peer pull requests,2025-07-25,Medium,User_1,4.0,On Time,DevOps,Pending,0.0,0.0,0.33333333333333326,0,0,1.0,2.0,2.0,0.0,0.9999999999999998,1.0,0.23015873015873015,0
synthetic_21180,Prepare user guide for module deployment.,2025-08-14,Low,user1,2.0,Excellent,Documentation,To Do,0.677338817466713,0.36363636363636365,1.0,0,0,2.0,1.0,1.0,0.0,0.41666666666666674,1.2,0.5221560846560847,20
T0291,Fix critical bug in deployment pipeline,2025-08-18,High,User_2,10.0,On Time,DevOps,In Progress,0.0,0.43636363636363634,1.0,0,0,1.0,1.0,0.0,0.0,0.41666666666666674,1.0,0.8333333333333335,24
synthetic_93154,Write unit tests for payment module.,2025-08-17,Low,user4,7.0,Excellent,Testing,To Do,0.6634613402126626,0.41818181818181815,1.0,0,1,2.0,1.0,1.0,0.0,0.41666666666666674,1.2,0.5221560846560847,23
T0124,Create UI wireframes for feature,2025-08-03,Medium,User_3,5.0,Delayed,Development,In Progress,0.0,0.16363636363636364,0.6666666666666665,0,1,2.0,1.0,2.0,0.0,0.0,0.3,0.4371693121693121,9
T0008,Send status update to manager,2025-09-18,Low,User_8,8.0,On Time,DevOps,Completed,0.775,1.0,0.6666666666666665,0,0,1.0,0.0,1.0,1.0,0.16666666666666674,1.0,0.826058201058201,55
T0297,Patch security vulnerability in auth system,2025-07-23,High,User_3,5.0,On Time,Management,Completed,0.5083333333333333,0.0,1.0,0,0,4.0,0.0,0.0,1.0,0.0,1.0,0.4867724867724867,0
T0003,Clean up old logs from server,2025-07-29,Low,User_6,8.0,On Time,Documentation,Pending,0.0,0.07272727272727272,1.0,0,0,3.0,2.0,1.0,0.0,0.6666666666666667,1.0,0.6375661375661378,4
synthetic_92158,Write API reference documentation.,2025-08-07,High,user3,1.0,Excellent,Documentation,To Do,0.9185079131859478,0.23636363636363636,0.33333333333333326,0,0,2.0,1.0,1.0,0.0,0.41666666666666674,1.2,0.5221560846560847,13
T0049,Clean up old logs from server,2025-09-15,Low,User_1,10.0,On Time,DevOps,In Progress,0.0,0.9454545454545454,1.0,0,0,1.0,1.0,1.0,0.0,0.9999999999999998,1.0,1.0,52
T0026,Schedule weekly team sync,2025-09-17,Low,User_8,2.0,On Time,Design,In Progress,0.0,0.9818181818181818,0.33333333333333326,0,0,0.0,1.0,1.0,0.0,0.16666666666666674,1.0,0.4748677248677248,54
T0263,Resolve payment gateway timeout issue,2025-08-19,High,User_5,8.0,Late,Testing,Completed,0.3583333333333333,0.45454545454545453,0.6666666666666665,0,0,5.0,0.0,0.0,1.0,0.5833333333333333,0.5,0.6474867724867727,25
T0218,Restore database from backup,2025-09-17,High,User_8,2.0,On Time,Design,Completed,0.7416666666666667,0.9818181818181818,0.33333333333333326,0,0,0.0,0.0,0.0,1.0,0.16666666666666674,1.0,0.4748677248677248,54
T0197,Update user guides,2025-08-11,Medium,User_7,5.0,Late,Design,Completed,0.8583333333333334,0.3090909090909091,0.0,0,0,0.0,0.0,2.0,1.0,0.5833333333333333,0.5,0.25462962962962965,17
synthetic_15937,Prepare user guide for module deployment.,2025-07-23,Low,user1,7.0,On Time,Documentation,To Do,0.9455072488849027,0.0,1.0,0,0,2.0,1.0,1.0,0.0,0.41666666666666674,1.0,0.5221560846560847,0
T0199,Review peer pull requests,2025-08-04,Medium,User_6,5.0,Delayed,DevOps,In Progress,0.0,0.18181818181818182,0.33333333333333326,0,0,1.0,1.0,2.0,0.0,0.6666666666666667,0.3,0.32804232804232797,10
T0270,Patch security vulnerability in auth system,2025-08-30,High,User_7,10.0,On Time,Documentation,In Progress,0.0,0.6545454545454545,1.0,0,1,3.0,1.0,0.0,0.0,0.5833333333333333,1.0,0.9047619047619049,36
T0027,Clean up old logs from server,2025-09-11,Low,User_5,7.0,Delayed,Design,Completed,0.8833333333333333,0.8727272727272727,1.0,0,0,0.0,0.0,1.0,1.0,0.5833333333333333,0.3,0.8611111111111112,48
T0101,Refactor module for scalability,2025-09-04,Medium,User_7,1.0,On Time,Development,In Progress,0.0,0.7454545454545454,0.33333333333333326,0,0,2.0,1.0,2.0,0.0,0.5833333333333333,1.0,0.3591269841269841,41
T0238,Fix critical bug in deployment pipeline,2025-08-13,High,User_1,10.0,Delayed,Design,Pending,0.0,0.34545454545454546,1.0,0,0,0.0,2.0,0.0,0.0,0.9999999999999998,0.3,0.8035714285714286,19
T0184,Create UI wireframes for feature,2025-08-08,Medium,User_1,5.0,Delayed,Design,In Progress,0.0,0.2545454545454545,0.6666666666666665,0,0,0.0,1.0,2.0,0.0,0.9999999999999998,0.3,0.46693121693121686,14
T0155,Refactor module for scalability,2025-09-01,Medium,User_9,3.0,Delayed,Documentation,In Progress,0.0,0.6909090909090909,0.33333333333333326,0,0,3.0,1.0,2.0,0.0,0.33333333333333326,0.3,0.4179894179894179,38
T0047,Send status update to manager,2025-08-18,Low,User_1,1.0,On Time,Design,Pending,0.0,0.43636363636363634,0.6666666666666665,0,0,0.0,2.0,1.0,0.0,0.9999999999999998,1.0,0.37301587301587297,24
synthetic_22687,Update Docker configurations.,2025-07-24,High,user7,8.0,Excellent,DevOps,To Do,0.47871568980717255,0.0,0.0,0,0,2.0,1.0,1.0,0.0,0.41666666666666674,1.2,0.5221560846560847,0
T0255,Restore database from backup,2025-07-30,High,User_7,5.0,On Time,Management,Completed,0.20833333333333331,0.09090909090909091,0.33333333333333326,0,0,4.0,0.0,0.0,1.0,0.5833333333333333,1.0,0.29828042328042326,5
T0100,Update internal documentation,2025-09-07,Low,User_4,6.0,On Time,Design,Completed,0.9916666666666667,0.7999999999999999,0.0,0,1,0.0,0.0,1.0,1.0,0.08333333333333326,1.0,0.4537037037037037,44
T0150,Create UI wireframes for feature,2025-07-27,Medium,User_2,7.0,Delayed,Management,In Progress,0.0,0.03636363636363636,0.6666666666666665,0,1,4.0,1.0,2.0,0.0,0.41666666666666674,0.3,0.47222222222222215,2
T0028,Update internal documentation,2025-09-04,Low,User_6,5.0,Delayed,Development,Pending,0.0,0.7454545454545454,0.0,0,0,2.0,2.0,1.0,0.0,0.6666666666666667,0.3,0.39748677248677244,41
T0088,Update internal documentation,2025-08-06,Low,User_4,5.0,On Time,Design,In Progress,0.0,0.21818181818181817,0.0,0,0,0.0,1.0,1.0,0.0,0.08333333333333326,1.0,0.2248677248677249,12
T0252,Restore database from backup,2025-07-23,High,User_5,9.0,Late,Management,Completed,0.13333333333333333,0.0,0.33333333333333326,0,0,4.0,0.0,0.0,1.0,0.5833333333333333,0.5,0.41005291005291,0
T0146,Review peer pull requests,2025-09-11,Medium,User_3,4.0,Late,Development,In Progress,0.0,0.8727272727272727,0.33333333333333326,0,0,2.0,1.0,2.0,0.0,0.0,0.5,0.5158730158730159,48
T0243,Resolve payment gateway timeout issue,2025-08-12,High,User_10,1.0,Late,DevOps,In Progress,0.0,0.32727272727272727,0.6666666666666665,0,0,1.0,1.0,0.0,0.0,0.33333333333333326,0.5,0.3373015873015872,18
T0011,Schedule weekly team sync,2025-07-31,Low,User_4,6.0,Delayed,Design,Pending,0.0,0.10909090909090909,0.33333333333333326,0,0,0.0,2.0,1.0,0.0,0.08333333333333326,0.3,0.34259259259259267,6
T0128,Review peer pull requests,2025-08-14,Medium,User_2,1.0,Delayed,DevOps,In Progress,0.0,0.36363636363636365,0.33333333333333326,0,0,1.0,1.0,2.0,0.0,0.41666666666666674,0.3,0.23412698412698416,20
T0036,Send status update to manager,2025-09-14,Low,User_6,3.0,Delayed,Development,Completed,0.7,0.9272727272727272,0.6666666666666665,0,1,2.0,0.0,1.0,1.0,0.6666666666666667,0.3,0.6104497354497352,51
T0002,Organize shared team files,2025-09-15,Low,User_8,7.0,On Time,DevOps,Completed,0.4583333333333333,0.9454545454545454,0.33333333333333326,0,0,1.0,0.0,1.0,1.0,0.16666666666666674,1.0,0.6547619047619048,52
T0075,Schedule weekly team sync,2025-08-27,Low,User_3,2.0,Late,Management,Pending,0.0,0.6,0.33333333333333326,0,0,4.0,2.0,1.0,0.0,0.0,0.5,0.34986772486772477,33
T0153,Write integration tests for API,2025-08-19,Medium,User_5,1.0,Delayed,Development,Completed,0.5166666666666666,0.45454545454545453,0.6666666666666665,0,0,2.0,0.0,2.0,1.0,0.5833333333333333,0.3,0.37896825396825395,25
T0069,Update internal documentation,2025-08-21,Low,User_6,10.0,Delayed,Documentation,Pending,0.0,0.4909090909090909,0.0,0,0,3.0,2.0,1.0,0.0,0.6666666666666667,0.3,0.5059523809523809,27
T0187,Write integration tests for API,2025-07-29,Medium,User_8,8.0,Late,Testing,Pending,0.0,0.07272727272727272,0.6666666666666665,0,0,5.0,2.0,2.0,0.0,0.16666666666666674,0.5,0.5224867724867724,4
T0253,Patch security vulnerability in auth system,2025-08-07,High,User_1,4.0,Late,Design,Completed,0.75,0.23636363636363636,1.0,0,0,0.0,0.0,0.0,1.0,0.9999999999999998,0.5,0.5376984126984127,13
T0168,Refactor module for scalability,2025-08-01,Medium,User_1,1.0,On Time,Development,In Progress,0.0,0.12727272727272726,0.33333333333333326,0,0,2.0,1.0,2.0,0.0,0.9999999999999998,1.0,0.15674603174603174,7
T0180,Create UI wireframes for feature,2025-08-04,Medium,User_10,1.0,Late,Testing,Completed,0.7916666666666666,0.18181818181818182,0.6666666666666665,0,0,5.0,0.0,2.0,1.0,0.33333333333333326,0.5,0.28968253968253965,10
T0121,Create UI wireframes for feature,2025-09-07,Medium,User_7,4.0,Late,Development,Completed,0.175,0.7999999999999999,0.6666666666666665,0,1,2.0,0.0,2.0,1.0,0.5833333333333333,0.5,0.607142857142857,44
T0228,Fix critical bug in deployment pipeline,2025-08-14,High,User_3,6.0,On Time,Testing,Completed,0.39999999999999997,0.36363636363636365,1.0,0,0,5.0,0.0,0.0,1.0,0.0,1.0,0.656084656084656,20
T0295,Patch security vulnerability in auth system,2025-08-09,High,User_9,8.0,Delayed,Management,Completed,0.175,0.2727272727272727,1.0,0,1,4.0,0.0,0.0,1.0,0.33333333333333326,0.3,0.703042328042328,15
T0148,Update user guides,2025-08-13,Medium,User_5,8.0,Delayed,Documentation,Pending,0.0,0.34545454545454546,0.0,0,0,3.0,2.0,2.0,0.0,0.5833333333333333,0.3,0.3816137566137566,19
synthetic_53217,Conduct weekly team review.,2025-08-10,High,user1,5.0,Late,Management,To Do,0.9646302976244345,0.2909090909090909,0.33333333333333326,0,1,2.0,1.0,1.0,0.0,0.41666666666666674,0.5,0.5221560846560847,16
T0185,Write integration tests for API,2025-08-14,Medium,User_6,4.0,On Time,DevOps,In Progress,0.0,0.36363636363636365,0.6666666666666665,0,0,1.0,1.0,2.0,0.0,0.6666666666666667,1.0,0.4642857142857142,20
T0273,Deploy hotfix for customer complaints,2025-08-29,High,User_1,3.0,On Time,Design,In Progress,0.0,0.6363636363636364,0.6666666666666665,0,0,0.0,1.0,0.0,0.0,0.9999999999999998,1.0,0.5152116402116401,35
T0033,Update internal documentation,2025-08-18,Low,User_8,4.0,Late,Documentation,Completed,0.125,0.43636363636363634,0.0,0,0,3.0,0.0,1.0,1.0,0.16666666666666674,0.5,0.2579365079365079,24
T0191,Refactor module for scalability,2025-08-02,Medium,User_7,10.0,On Time,Management,In Progress,0.0,0.14545454545454545,0.33333333333333326,0,1,4.0,1.0,2.0,0.0,0.5833333333333333,1.0,0.507936507936508,8
T0271,Patch security vulnerability in auth system,2025-08-10,High,User_7,1.0,Late,Development,Pending,0.0,0.2909090909090909,1.0,0,1,2.0,2.0,0.0,0.0,0.5833333333333333,0.5,0.4404761904761905,16
T0215,Restore database from backup,2025-08-23,High,User_9,2.0,On Time,Testing,In Progress,0.0,0.5272727272727272,0.33333333333333326,0,1,5.0,1.0,0.0,0.0,0.33333333333333326,1.0,0.326058201058201,29
synthetic_10835,Conduct weekly team review.,2025-07-27,Low,user4,4.0,Late,Management,To Do,0.5426948207932508,0.03636363636363636,0.33333333333333326,0,1,2.0,1.0,1.0,0.0,0.41666666666666674,0.5,0.5221560846560847,2
T0059,Update internal documentation,2025-08-01,Low,User_2,1.0,On Time,DevOps,Completed,0.9666666666666666,0.12727272727272726,0.0,0,0,1.0,0.0,1.0,1.0,0.41666666666666674,1.0,0.04166666666666667,7
T0254,Patch security vulnerability in auth system,2025-08-07,High,User_7,1.0,Delayed,Design,Pending,0.0,0.23636363636363636,1.0,0,0,0.0,2.0,0.0,0.0,0.5833333333333333,0.3,0.42261904761904756,13
T0154,Write integration tests for API,2025-08-29,Medium,User_10,7.0,Late,Design,Pending,0.0,0.6363636363636364,0.6666666666666665,0,0,0.0,2.0,2.0,0.0,0.33333333333333326,0.5,0.6686507936507936,35
T0041,Send status update to manager,2025-09-11,Low,User_5,6.0,On Time,DevOps,In Progress,0.0,0.8727272727272727,0.6666666666666665,0,0,1.0,1.0,1.0,0.0,0.5833333333333333,1.0,0.7076719576719577,48
T0284,Restore database from backup,2025-08-23,High,User_10,2.0,On Time,Development,Pending,0.0,0.5272727272727272,0.33333333333333326,0,1,2.0,2.0,0.0,0.0,0.33333333333333326,1.0,0.326058201058201,29
synthetic_20894,Automate regression test cases.,2025-08-06,Urgent,user8,2.0,On Time,Testing,To Do,0.8590425774844485,0.21818181818181817,0.33333333333333326,0,0,2.0,1.0,1.0,0.0,0.41666666666666674,1.0,0.5221560846560847,12
synthetic_57361,Automate regression test cases.,2025-07-30,High,user10,10.0,Late,Testing,To Do,0.1847963375602122,0.09090909090909091,0.33333333333333326,0,0,2.0,1.0,1.0,0.0,0.41666666666666674,0.5,0.5221560846560847,5
T0192,Review peer pull requests,2025-09-11,Medium,User_8,7.0,Delayed,DevOps,Completed,0.16666666666666666,0.8727272727272727,0.33333333333333326,0,0,1.0,0.0,2.0,1.0,0.16666666666666674,0.3,0.6309523809523808,48
synthetic_46985,Conduct weekly team review.,2025-08-07,Medium,user9,5.0,Needs Improvement,Management,To Do,0.24352994897953165,0.23636363636363636,0.33333333333333326,0,0,2.0,1.0,1.0,0.0,0.41666666666666674,0.3,0.5221560846560847,13
T0131,Write integration tests for API,2025-08-12,Medium,User_10,7.0,Delayed,Design,Pending,0.0,0.32727272727272727,0.6666666666666665,0,0,0.0,2.0,2.0,0.0,0.33333333333333326,0.3,0.5674603174603174,18
synthetic_19012,Update system documentation for new features.,2025-08-03,Low,user10,10.0,Excellent,Documentation,To Do,0.4701887061466406,0.16363636363636364,1.0,0,1,2.0,1.0,1.0,0.0,0.41666666666666674,1.2,0.5221560846560847,9
synthetic_99172,Allocate resources for upcoming milestone.,2025-08-20,Low,user5,1.0,On Time,Management,To Do,0.9841002907413203,0.4727272727272727,0.6666666666666665,0,0,2.0,1.0,1.0,0.0,0.41666666666666674,1.0,0.5221560846560847,26
T0087,Organize shared team files,2025-08-05,Low,User_1,8.0,Delayed,Development,In Progress,0.0,0.19999999999999998,0.33333333333333326,0,0,2.0,1.0,1.0,0.0,0.9999999999999998,0.3,0.449074074074074,11
T0142,Update user guides,2025-07-25,Medium,User_3,1.0,Late,DevOps,Completed,0.14166666666666666,0.0,0.0,0,0,1.0,0.0,2.0,1.0,0.0,0.5,0.0,0
synthetic_49815,Conduct load testing for new API.,2025-08-12,Medium,user6,3.0,On Time,Testing,To Do,0.4715874973254711,0.32727272727272727,1.0,0,0,2.0,1.0,1.0,0.0,0.41666666666666674,1.0,0.5221560846560847,18
synthetic_84428,Automate regression test cases.,2025-08-08,Low,user9,10.0,Excellent,Testing,To Do,0.920589180134697,0.2545454545454545,0.33333333333333326,0,0,2.0,1.0,1.0,0.0,0.41666666666666674,1.2,0.5221560846560847,14
T0259,Patch security vulnerability in auth system,2025-08-14,High,User_3,4.0,On Time,DevOps,In Progress,0.0,0.36363636363636365,1.0,0,0,1.0,1.0,0.0,0.0,0.0,1.0,0.5793650793650794,20
synthetic_19165,Update Docker configurations.,2025-08-13,High,user2,8.0,On Time,DevOps,To Do,0.45599221386958066,0.34545454545454546,0.0,0,0,2.0,1.0,1.0,0.0,0.41666666666666674,1.0,0.5221560846560847,19
T0029,Send status update to manager,2025-08-04,Low,User_4,4.0,On Time,DevOps,In Progress,0.0,0.18181818181818182,0.6666666666666665,0,0,1.0,1.0,1.0,0.0,0.08333333333333326,1.0,0.40476190476190466,10
T0156,Write integration tests for API,2025-08-18,Medium,User_5,9.0,On Time,Testing,Completed,0.9249999999999999,0.43636363636363634,0.6666666666666665,0,0,5.0,0.0,2.0,1.0,0.5833333333333333,1.0,0.6798941798941799,24
T0268,Fix critical bug in deployment pipeline,2025-09-01,High,User_8,2.0,On Time,Design,Completed,0.8583333333333334,0.6909090909090909,1.0,0,0,0.0,0.0,0.0,1.0,0.16666666666666674,1.0,0.6097883597883599,38
T0206,Deploy hotfix for customer complaints,2025-07-23,High,User_9,8.0,Late,Documentation,Pending,0.0,0.0,0.6666666666666665,0,0,3.0,2.0,0.0,0.0,0.33333333333333326,0.5,0.4867724867724867,0
T0292,Patch security vulnerability in auth system,2025-09-03,High,User_10,7.0,Delayed,Testing,Completed,0.75,0.7272727272727273,1.0,0,0,5.0,0.0,0.0,1.0,0.33333333333333326,0.3,0.8134920634920634,40
T0117,Update user guides,2025-08-15,Medium,User_6,6.0,Delayed,Design,Completed,0.5916666666666666,0.3818181818181818,0.0,0,0,0.0,0.0,2.0,1.0,0.6666666666666667,0.3,0.3167989417989418,21
T0056,Clean up old logs from server,2025-09-03,Low,User_1,3.0,On Time,DevOps,Pending,0.0,0.7272727272727273,1.0,0,0,1.0,2.0,1.0,0.0,0.9999999999999998,1.0,0.6600529100529099,40
synthetic_17417,Plan sprint retrospective.,2025-07-31,Medium,user7,10.0,Late,Management,To Do,0.5631420044949199,0.10909090909090909,0.0,0,0,2.0,1.0,1.0,0.0,0.41666666666666674,0.5,0.5221560846560847,6
T0024,Schedule weekly team sync,2025-07-27,Low,User_6,2.0,On Time,Testing,Completed,0.8583333333333334,0.03636363636363636,0.33333333333333326,0,1,5.0,0.0,1.0,1.0,0.6666666666666667,1.0,0.16534391534391535,2
synthetic_42498,Perform integration tests for latest release.,2025-08-16,Low,user9,5.0,Late,Testing,To Do,0.8241044513163349,0.39999999999999997,1.0,0,1,2.0,1.0,1.0,0.0,0.41666666666666674,0.5,0.5221560846560847,22
T0126,Review peer pull requests,2025-08-25,Medium,User_7,2.0,On Time,Development,Pending,0.0,0.5636363636363636,0.33333333333333326,0,0,2.0,2.0,2.0,0.0,0.5833333333333333,1.0,0.3379629629629629,31
T0258,Resolve payment gateway timeout issue,2025-08-24,High,User_9,6.0,Late,Development,In Progress,0.0,0.5454545454545454,0.6666666666666665,0,1,2.0,1.0,0.0,0.0,0.33333333333333326,0.5,0.6005291005291005,30
T0019,Schedule weekly team sync,2025-08-16,Low,User_4,4.0,Delayed,DevOps,Completed,0.8499999999999999,0.39999999999999997,0.33333333333333326,0,1,1.0,0.0,1.0,1.0,0.08333333333333326,0.3,0.3611111111111111,22
synthetic_62202,Update system documentation for new features.,2025-08-17,High,user1,10.0,Late,Documentation,To Do,0.191521521751283,0.41818181818181815,1.0,0,1,2.0,1.0,1.0,0.0,0.41666666666666674,0.5,0.5221560846560847,23
synthetic_28206,Write unit tests for payment module.,2025-08-06,High,user6,6.0,Late,Testing,To Do,0.47638044427311327,0.21818181818181817,1.0,0,0,2.0,1.0,1.0,0.0,0.41666666666666674,0.5,0.5221560846560847,12
T0118,Create UI wireframes for feature,2025-08-29,Medium,User_10,8.0,Delayed,Development,Completed,0.3416666666666666,0.6363636363636364,0.6666666666666665,0,0,2.0,0.0,2.0,1.0,0.33333333333333326,0.3,0.7070105820105821,35
synthetic_57874,Update system documentation for new features.,2025-07-23,High,user2,6.0,Needs Improvement,Documentation,To Do,0.4714205899915048,0.0,1.0,0,0,2.0,1.0,1.0,0.0,0.41666666666666674,0.3,0.5221560846560847,0
T0078,Organize shared team files,2025-09-14,Low,User_9,3.0,Late,Management,Pending,0.0,0.9272727272727272,0.33333333333333326,0,1,4.0,2.0,1.0,0.0,0.33333333333333326,0.5,0.4953703703703703,51
T0031,Schedule weekly team sync,2025-08-18,Low,User_3,6.0,Delayed,Development,Completed,0.625,0.43636363636363634,0.33333333333333326,0,0,2.0,0.0,1.0,1.0,0.0,0.3,0.4497354497354497,24
T0277,Resolve payment gateway timeout issue,2025-07-26,High,User_6,2.0,Delayed,Testing,Pending,0.0,0.01818181818181818,0.6666666666666665,0,1,5.0,2.0,0.0,0.0,0.6666666666666667,0.3,0.2744708994708995,1
T0115,Update user guides,2025-08-08,Medium,User_4,9.0,Delayed,Design,In Progress,0.0,0.2545454545454545,0.0,0,0,0.0,1.0,2.0,0.0,0.08333333333333326,0.3,0.39021164021164023,14
T0162,Create UI wireframes for feature,2025-09-08,Medium,User_1,4.0,Delayed,Development,In Progress,0.0,0.8181818181818181,0.6666666666666665,0,0,2.0,1.0,2.0,0.0,0.9999999999999998,0.3,0.6130952380952382,45
T0256,Patch security vulnerability in auth system,2025-09-02,High,User_9,6.0,On Time,Testing,Completed,0.8083333333333332,0.7090909090909091,1.0,0,0,5.0,0.0,0.0,1.0,0.33333333333333326,1.0,0.7691798941798943,39
T0086,Send status update to manager,2025-07-24,Low,User_5,10.0,Late,DevOps,Pending,0.0,0.0,0.6666666666666665,0,0,1.0,2.0,1.0,0.0,0.5833333333333333,0.5,0.5694444444444444,0
T0219,Patch security vulnerability in auth system,2025-08-01,High,User_1,2.0,Late,Development,Completed,0.9333333333333332,0.12727272727272726,1.0,0,0,2.0,0.0,0.0,1.0,0.9999999999999998,0.5,0.4252645502645502,7
T0120,Review peer pull requests,2025-08-17,Medium,User_1,10.0,On Time,DevOps,Pending,0.0,0.41818181818181815,0.33333333333333326,0,1,1.0,2.0,2.0,0.0,0.9999999999999998,1.0,0.5972222222222222,23
T0158,Update user guides,2025-08-23,Medium,User_2,5.0,On Time,Management,In Progress,0.0,0.5272727272727272,0.0,0,1,4.0,1.0,2.0,0.0,0.41666666666666674,1.0,0.326058201058201,29
T0096,Clean up old logs from server,2025-08-16,Low,User_4,1.0,Delayed,Testing,In Progress,0.0,0.39999999999999997,1.0,0,1,5.0,1.0,1.0,0.0,0.08333333333333326,0.3,0.4761904761904762,22
T0178,Update user guides,2025-08-23,Medium,User_5,5.0,Delayed,Documentation,Completed,0.7416666666666667,0.5272727272727272,0.0,0,1,3.0,0.0,2.0,1.0,0.5833333333333333,0.3,0.326058201058201,29
synthetic_68475,Conduct weekly team review.,2025-08-16,High,user9,5.0,Late,Management,To Do,0.42876094437357876,0.39999999999999997,0.33333333333333326,0,1,2.0,1.0,1.0,0.0,0.41666666666666674,0.5,0.5221560846560847,22
T0276,Deploy hotfix for customer complaints,2025-08-31,High,User_1,6.0,Delayed,Development,Completed,0.8083333333333332,0.6727272727272727,0.6666666666666665,0,1,2.0,0.0,0.0,1.0,0.9999999999999998,0.3,0.6421957671957671,37
T0017,Clean up old logs from server,2025-07-29,Low,User_5,8.0,On Time,Design,In Progress,0.0,0.07272727272727272,1.0,0,0,0.0,1.0,1.0,0.0,0.5833333333333333,1.0,0.6375661375661378,4
T0145,Refactor module for scalability,2025-08-11,Medium,User_3,8.0,Delayed,DevOps,Completed,0.26666666666666666,0.3090909090909091,0.33333333333333326,0,0,1.0,0.0,2.0,1.0,0.0,0.3,0.4847883597883597,17
T0274,Resolve payment gateway timeout issue,2025-08-31,High,User_6,1.0,Late,Management,In Progress,0.0,0.6727272727272727,0.6666666666666665,0,1,4.0,1.0,0.0,0.0,0.6666666666666667,0.5,0.45039682539682535,37
T0294,Deploy hotfix for customer complaints,2025-08-22,High,User_6,3.0,On Time,Management,In Progress,0.0,0.509090909090909,0.6666666666666665,0,0,4.0,1.0,0.0,0.0,0.6666666666666667,1.0,0.4735449735449735,28
T0077,Clean up old logs from server,2025-09-06,Low,User_9,6.0,On Time,Design,Pending,0.0,0.7818181818181817,1.0,0,1,0.0,2.0,1.0,0.0,0.33333333333333326,1.0,0.7929894179894178,43
T0286,Restore database from backup,2025-08-10,High,User_1,6.0,Delayed,Design,In Progress,0.0,0.2909090909090909,0.33333333333333326,0,1,0.0,1.0,0.0,0.0,0.9999999999999998,0.3,0.4021164021164022,16
T0161,Write integration tests for API,2025-08-14,Medium,User_5,6.0,Delayed,Documentation,Pending,0.0,0.36363636363636365,0.6666666666666665,0,0,3.0,2.0,2.0,0.0,0.5833333333333333,0.3,0.541005291005291,20
T0132,Refactor module for scalability,2025-08-07,Medium,User_5,2.0,Delayed,DevOps,In Progress,0.0,0.23636363636363636,0.33333333333333326,0,0,1.0,1.0,2.0,0.0,0.5833333333333333,0.3,0.23082010582010581,13
T0234,Resolve payment gateway timeout issue,2025-09-02,High,User_10,7.0,Delayed,Development,Completed,0.4916666666666667,0.7090909090909091,0.6666666666666665,0,0,2.0,0.0,0.0,1.0,0.33333333333333326,0.3,0.6924603174603176,39
T0050,Send status update to manager,2025-09-08,Low,User_6,9.0,Delayed,Testing,In Progress,0.0,0.8181818181818181,0.6666666666666665,0,0,5.0,1.0,1.0,0.0,0.6666666666666667,0.3,0.8048941798941799,45
T0229,Fix critical bug in deployment pipeline,2025-08-11,High,User_6,6.0,Delayed,Management,Completed,0.14166666666666666,0.3090909090909091,1.0,0,0,4.0,0.0,0.0,1.0,0.6666666666666667,0.3,0.6382275132275133,17
T0111,Update user guides,2025-08-17,Medium,User_10,2.0,Delayed,Documentation,Pending,0.0,0.41818181818181815,0.0,0,1,3.0,2.0,2.0,0.0,0.33333333333333326,0.3,0.17526455026455032,23
T0071,Send status update to manager,2025-08-29,Low,User_8,7.0,On Time,Development,Completed,0.625,0.6363636363636364,0.6666666666666665,0,0,2.0,0.0,1.0,1.0,0.16666666666666674,1.0,0.6686507936507936,35
T0209,Deploy hotfix for customer complaints,2025-09-01,High,User_6,9.0,On Time,Management,Completed,0.6916666666666667,0.6909090909090909,0.6666666666666665,0,0,4.0,0.0,0.0,1.0,0.6666666666666667,1.0,0.7632275132275133,38
T0275,Resolve payment gateway timeout issue,2025-09-16,High,User_4,5.0,Delayed,Development,Completed,0.39999999999999997,0.9636363636363636,0.6666666666666665,0,0,2.0,0.0,0.0,1.0,0.08333333333333326,0.3,0.6990740740740741,53
T0122,Create UI wireframes for feature,2025-07-30,Medium,User_5,10.0,Late,Management,Pending,0.0,0.09090909090909091,0.6666666666666665,0,0,4.0,2.0,2.0,0.0,0.5833333333333333,0.5,0.60515873015873,5
T0065,Clean up old logs from server,2025-07-22,Low,User_10,2.0,On Time,Design,In Progress,0.0,0.0,1.0,0,0,0.0,1.0,1.0,0.0,0.33333333333333326,1.0,0.36574074074074076,0
T0060,Send status update to manager,2025-08-16,Low,User_8,10.0,On Time,Development,In Progress,0.0,0.39999999999999997,0.6666666666666665,0,1,2.0,1.0,1.0,0.0,0.16666666666666674,1.0,0.7063492063492063,22
T0230,Deploy hotfix for customer complaints,2025-07-24,High,User_5,2.0,Delayed,Testing,Completed,0.3833333333333333,0.0,0.6666666666666665,0,0,5.0,0.0,0.0,1.0,0.5833333333333333,0.3,0.2625661375661375,0
T0034,Update internal documentation,2025-09-03,Low,User_7,5.0,On Time,Development,Completed,0.24166666666666664,0.7272727272727273,0.0,0,0,2.0,0.0,1.0,1.0,0.5833333333333333,1.0,0.39153439153439157,40
T0135,Write integration tests for API,2025-07-23,Medium,User_8,3.0,Delayed,Design,Pending,0.0,0.0,0.6666666666666665,0,0,0.0,2.0,2.0,0.0,0.16666666666666674,0.3,0.29497354497354494,0
synthetic_68491,Automate regression test cases.,2025-07-31,High,user4,5.0,Excellent,Testing,To Do,0.29222041004673827,0.10909090909090909,0.33333333333333326,0,0,2.0,1.0,1.0,0.0,0.41666666666666674,1.2,0.5221560846560847,6
T0005,Send status update to manager,2025-09-12,Low,User_4,7.0,Delayed,Management,Completed,0.7249999999999999,0.8909090909090909,0.6666666666666665,0,0,4.0,0.0,1.0,1.0,0.08333333333333326,0.3,0.751984126984127,49
T0296,Patch security vulnerability in auth system,2025-08-11,High,User_2,6.0,On Time,Development,Completed,0.8416666666666666,0.3090909090909091,1.0,0,0,2.0,0.0,0.0,1.0,0.41666666666666674,1.0,0.6382275132275133,17
T0040,Clean up old logs from server,2025-09-10,Low,User_10,7.0,On Time,Development,Completed,0.26666666666666666,0.8545454545454545,1.0,0,0,2.0,0.0,1.0,1.0,0.33333333333333326,1.0,0.8551587301587302,47
T0092,Send status update to manager,2025-09-13,Low,User_8,7.0,Delayed,Design,Completed,0.7083333333333333,0.9090909090909091,0.6666666666666665,0,1,0.0,0.0,1.0,1.0,0.16666666666666674,0.3,0.7579365079365079,50
T0152,Create UI wireframes for feature,2025-08-01,Medium,User_7,10.0,Delayed,DevOps,In Progress,0.0,0.12727272727272726,0.6666666666666665,0,0,1.0,1.0,2.0,0.0,0.5833333333333333,0.3,0.617063492063492,7
T0013,Send status update to manager,2025-08-16,Low,User_3,1.0,Late,Management,Completed,0.5499999999999999,0.39999999999999997,0.6666666666666665,0,1,4.0,0.0,1.0,1.0,0.0,0.5,0.3611111111111111,22
T0179,Create UI wireframes for feature,2025-07-30,Medium,User_3,10.0,Delayed,Management,Completed,0.35,0.09090909090909091,0.6666666666666665,0,0,4.0,0.0,2.0,1.0,0.0,0.3,0.60515873015873,5
T0007,Update internal documentation,2025-09-12,Low,User_4,8.0,On Time,Design,Completed,0.4583333333333333,0.8909090909090909,0.0,0,0,0.0,0.0,1.0,1.0,0.08333333333333326,1.0,0.5601851851851852,49
T0272,Resolve payment gateway timeout issue,2025-08-31,High,User_4,2.0,On Time,Management,Completed,0.3,0.6727272727272727,0.6666666666666665,0,1,4.0,0.0,0.0,1.0,0.08333333333333326,1.0,0.4887566137566138,37
T0196,Review peer pull requests,2025-08-25,Medium,User_2,9.0,Delayed,DevOps,In Progress,0.0,0.5636363636363636,0.33333333333333326,0,0,1.0,1.0,2.0,0.0,0.41666666666666674,0.3,0.6064814814814814,31
T0006,Send status update to manager,2025-09-17,Low,User_1,10.0,Delayed,Documentation,In Progress,0.0,0.9818181818181818,0.6666666666666665,0,0,3.0,1.0,1.0,0.0,0.9999999999999998,0.3,0.8968253968253969,54
synthetic_42937,Write unit tests for payment module.,2025-08-11,Medium,user8,3.0,On Time,Testing,To Do,0.9637738259257113,0.3090909090909091,1.0,0,0,2.0,1.0,1.0,0.0,0.41666666666666674,1.0,0.5221560846560847,17
T0174,Write integration tests for API,2025-08-10,Medium,User_9,8.0,On Time,Development,Completed,0.6833333333333332,0.2909090909090909,0.6666666666666665,0,1,2.0,0.0,2.0,1.0,0.33333333333333326,1.0,0.593915343915344,16
synthetic_64322,Refactor user authentication module.,2025-08-11,High,user6,5.0,On Time,Development,To Do,0.8490419275365162,0.3090909090909091,0.33333333333333326,0,0,2.0,1.0,1.0,0.0,0.41666666666666674,1.0,0.5221560846560847,17
T0183,Create UI wireframes for feature,2025-09-12,Medium,User_1,7.0,Late,Management,In Progress,0.0,0.8909090909090909,0.6666666666666665,0,0,4.0,1.0,2.0,0.0,0.9999999999999998,0.5,0.751984126984127,49
T0223,Resolve payment gateway timeout issue,2025-08-27,High,User_5,9.0,Late,Documentation,Pending,0.0,0.6,0.6666666666666665,0,0,3.0,2.0,0.0,0.0,0.5833333333333333,0.5,0.7334656084656084,33
T0094,Clean up old logs from server,2025-08-05,Low,User_3,5.0,Late,Testing,In Progress,0.0,0.19999999999999998,1.0,0,0,5.0,1.0,1.0,0.0,0.0,0.5,0.5641534391534392,11
T0045,Schedule weekly team sync,2025-09-16,Low,User_9,9.0,On Time,Testing,Completed,0.6499999999999999,0.9636363636363636,0.33333333333333326,0,0,5.0,0.0,1.0,1.0,0.33333333333333326,1.0,0.7374338624338624,53
T0236,Deploy hotfix for customer complaints,2025-09-18,High,User_7,1.0,On Time,Development,In Progress,0.0,1.0,0.6666666666666665,0,0,2.0,1.0,0.0,0.0,0.5833333333333333,1.0,0.5575396825396824,55
synthetic_80794,Coordinate interdepartmental meeting.,2025-08-11,Low,user2,4.0,Needs Improvement,Management,To Do,0.3794450311696258,0.3090909090909091,0.0,0,0,2.0,1.0,1.0,0.0,0.41666666666666674,0.3,0.5221560846560847,17
T0048,Send status update to manager,2025-09-13,Low,User_3,8.0,Late,DevOps,Pending,0.0,0.9090909090909091,0.6666666666666665,0,1,1.0,2.0,1.0,0.0,0.0,0.5,0.7962962962962963,50
T0139,Review peer pull requests,2025-08-20,Medium,User_10,7.0,Delayed,Development,Completed,0.4083333333333333,0.4727272727272727,0.33333333333333326,0,0,2.0,0.0,2.0,1.0,0.33333333333333326,0.3,0.49999999999999994,26
T0009,Clean up old logs from server,2025-08-15,Low,User_1,3.0,Delayed,Design,In Progress,0.0,0.3818181818181818,1.0,0,0,0.0,1.0,1.0,0.0,0.9999999999999998,0.3,0.546957671957672,21
T0189,Update user guides,2025-08-06,Medium,User_8,6.0,Late,Testing,Completed,0.4833333333333333,0.21818181818181817,0.0,0,0,5.0,0.0,2.0,1.0,0.16666666666666674,0.5,0.2632275132275132,12
T0054,Clean up old logs from server,2025-08-27,Low,User_6,4.0,On Time,Testing,Pending,0.0,0.6,1.0,0,0,5.0,2.0,1.0,0.0,0.6666666666666667,1.0,0.6567460317460317,33
synthetic_63496,Update Docker configurations.,2025-07-25,Medium,user7,5.0,Excellent,DevOps,To Do,0.8268353413524805,0.0,0.0,0,0,2.0,1.0,1.0,0.0,0.41666666666666674,1.2,0.5221560846560847,0
synthetic_76837,Prepare user guide for module deployment.,2025-08-20,High,user7,10.0,Late,Documentation,To Do,0.8681702664024156,0.4727272727272727,1.0,0,0,2.0,1.0,1.0,0.0,0.41666666666666674,0.5,0.5221560846560847,26
T0244,Deploy hotfix for customer complaints,2025-09-03,High,User_4,5.0,Delayed,Design,In Progress,0.0,0.7272727272727273,0.6666666666666665,0,0,0.0,1.0,0.0,0.0,0.08333333333333326,0.3,0.6216931216931216,40
T0123,Write integration tests for API,2025-07-27,Medium,User_2,9.0,Late,Design,Pending,0.0,0.03636363636363636,0.6666666666666665,0,1,0.0,2.0,2.0,0.0,0.41666666666666674,0.5,0.548941798941799,2
T0160,Refactor module for scalability,2025-07-26,Medium,User_4,5.0,Late,Testing,Completed,0.8666666666666667,0.01818181818181818,0.33333333333333326,0,1,5.0,0.0,2.0,1.0,0.08333333333333326,0.5,0.2744708994708995,1
T0061,Schedule weekly team sync,2025-09-03,Low,User_6,7.0,Delayed,Management,In Progress,0.0,0.7272727272727273,0.33333333333333326,0,0,4.0,1.0,1.0,0.0,0.6666666666666667,0.3,0.5833333333333334,40
T0280,Resolve payment gateway timeout issue,2025-08-17,High,User_2,4.0,Late,DevOps,In Progress,0.0,0.41818181818181815,0.6666666666666665,0,1,1.0,1.0,0.0,0.0,0.41666666666666674,0.5,0.4821428571428571,23
T0062,Schedule weekly team sync,2025-08-22,Low,User_2,6.0,On Time,Development,In Progress,0.0,0.509090909090909,0.33333333333333326,0,0,2.0,1.0,1.0,0.0,0.41666666666666674,1.0,0.4735449735449735,28
synthetic_93482,Redesign profile section layout.,2025-07-29,Low,user4,7.0,On Time,Design,To Do,0.9539710573605099,0.07272727272727272,0.33333333333333326,0,0,2.0,1.0,1.0,0.0,0.41666666666666674,1.0,0.5221560846560847,4
T0035,Organize shared team files,2025-08-18,Low,User_2,3.0,On Time,Documentation,Pending,0.0,0.43636363636363634,0.33333333333333326,0,0,3.0,2.0,1.0,0.0,0.41666666666666674,1.0,0.3346560846560847,24
T0226,Restore database from backup,2025-09-12,High,User_10,8.0,Delayed,Documentation,In Progress,0.0,0.8909090909090909,0.33333333333333326,0,0,3.0,1.0,0.0,0.0,0.33333333333333326,0.3,0.6752645502645502,49
T0076,Organize shared team files,2025-08-29,Low,User_2,9.0,Late,Development,Completed,0.7666666666666666,0.6363636363636364,0.33333333333333326,0,0,2.0,0.0,1.0,1.0,0.41666666666666674,0.5,0.6302910052910052,35
T0267,Deploy hotfix for customer complaints,2025-09-11,High,User_6,6.0,Delayed,Documentation,Pending,0.0,0.8727272727272727,0.6666666666666665,0,0,3.0,2.0,0.0,0.0,0.6666666666666667,0.3,0.7076719576719577,48
T0232,Resolve payment gateway timeout issue,2025-09-10,High,User_7,6.0,On Time,Development,Completed,0.18333333333333335,0.8545454545454545,0.6666666666666665,0,0,2.0,0.0,0.0,1.0,0.5833333333333333,1.0,0.7017195767195767,47
T0164,Create UI wireframes for feature,2025-09-13,Medium,User_7,6.0,Late,DevOps,In Progress,0.0,0.9090909090909091,0.6666666666666665,0,1,1.0,1.0,2.0,0.0,0.5833333333333333,0.5,0.7195767195767196,50
T0210,Fix critical bug in deployment pipeline,2025-09-03,High,User_8,1.0,Late,Management,Completed,0.19166666666666665,0.7272727272727273,1.0,0,0,4.0,0.0,0.0,1.0,0.16666666666666674,0.5,0.5833333333333334,40
T0216,Fix critical bug in deployment pipeline,2025-09-08,High,User_10,1.0,Delayed,Testing,Completed,0.19999999999999998,0.8181818181818181,1.0,0,0,5.0,0.0,0.0,1.0,0.33333333333333326,0.3,0.6130952380952382,45
T0014,Update internal documentation,2025-08-22,Low,User_7,7.0,On Time,Documentation,In Progress,0.0,0.509090909090909,0.0,0,0,3.0,1.0,1.0,0.0,0.5833333333333333,1.0,0.39682539682539675,28
T0102,Write integration tests for API,2025-08-04,Medium,User_1,9.0,Late,Development,Completed,0.7,0.18181818181818182,0.6666666666666665,0,0,2.0,0.0,2.0,1.0,0.9999999999999998,0.5,0.5965608465608465,10
synthetic_39391,Conduct weekly team review.,2025-07-24,Medium,user8,9.0,Excellent,Management,To Do,0.9847617162094926,0.0,0.33333333333333326,0,0,2.0,1.0,1.0,0.0,0.41666666666666674,1.2,0.5221560846560847,0
T0240,Deploy hotfix for customer complaints,2025-07-30,High,User_1,3.0,On Time,Development,Completed,0.3833333333333333,0.09090909090909091,0.6666666666666665,0,0,2.0,0.0,0.0,1.0,0.9999999999999998,1.0,0.3366402116402116,5
synthetic_89279,Plan sprint retrospective.,2025-08-05,Medium,user6,6.0,On Time,Management,To Do,0.4486702105822543,0.19999999999999998,0.0,0,0,2.0,1.0,1.0,0.0,0.41666666666666674,1.0,0.5221560846560847,11
T0089,Schedule weekly team sync,2025-08-23,Low,User_6,5.0,Late,Documentation,Pending,0.0,0.5272727272727272,0.33333333333333326,0,1,3.0,2.0,1.0,0.0,0.6666666666666667,0.5,0.4411375661375661,29
T0202,Patch security vulnerability in auth system,2025-09-11,High,User_4,4.0,Delayed,Documentation,In Progress,0.0,0.8727272727272727,1.0,0,0,3.0,1.0,0.0,0.0,0.08333333333333326,0.3,0.7460317460317462,48
T0046,Clean up old logs from server,2025-08-14,Low,User_8,1.0,Delayed,Design,Pending,0.0,0.36363636363636365,1.0,0,0,0.0,2.0,1.0,0.0,0.16666666666666674,0.3,0.4642857142857143,20
synthetic_54619,Design UI for dashboard module.,2025-08-04,Medium,user7,4.0,Excellent,Design,To Do,0.9542265667625026,0.18181818181818182,0.6666666666666665,0,0,2.0,1.0,1.0,0.0,0.41666666666666674,1.2,0.5221560846560847,10
T0016,Organize shared team files,2025-08-24,Low,User_3,2.0,Late,Documentation,Pending,0.0,0.5454545454545454,0.33333333333333326,0,1,3.0,2.0,1.0,0.0,0.0,0.5,0.332010582010582,30
T0190,Review peer pull requests,2025-08-22,Medium,User_9,4.0,Late,DevOps,Pending,0.0,0.509090909090909,0.33333333333333326,0,0,1.0,2.0,2.0,0.0,0.33333333333333326,0.5,0.39682539682539675,28
T0285,Resolve payment gateway timeout issue,2025-08-17,High,User_7,10.0,Delayed,Testing,Completed,0.775,0.41818181818181815,0.6666666666666665,0,1,5.0,0.0,0.0,1.0,0.5833333333333333,0.3,0.7123015873015874,23
synthetic_51408,Automate regression test cases.,2025-07-30,Low,user1,8.0,Late,Testing,To Do,0.37957707160856213,0.09090909090909091,0.33333333333333326,0,0,2.0,1.0,1.0,0.0,0.41666666666666674,0.5,0.5221560846560847,5
T0278,Deploy hotfix for customer complaints,2025-09-17,High,User_7,7.0,Late,Development,Completed,0.825,0.9818181818181818,0.6666666666666665,0,0,2.0,0.0,0.0,1.0,0.5833333333333333,0.5,0.7817460317460317,54
synthetic_75664,Optimize CI/CD pipeline.,2025-08-18,High,user2,4.0,Late,DevOps,To Do,0.24004566409567887,0.43636363636363634,0.0,0,0,2.0,1.0,1.0,0.0,0.41666666666666674,0.5,0.5221560846560847,24
synthetic_65352,Automate regression test cases.,2025-08-14,Medium,user7,10.0,On Time,Testing,To Do,0.5110226074542356,0.36363636363636365,0.33333333333333326,0,0,2.0,1.0,1.0,0.0,0.41666666666666674,1.0,0.5221560846560847,20
T0044,Clean up old logs from server,2025-09-08,Low,User_5,7.0,On Time,Testing,In Progress,0.0,0.8181818181818181,1.0,0,0,5.0,1.0,1.0,0.0,0.5833333333333333,1.0,0.8432539682539683,45
T0298,Deploy hotfix for customer complaints,2025-08-08,High,User_1,9.0,On Time,Documentation,In Progress,0.0,0.2545454545454545,0.6666666666666665,0,0,3.0,1.0,0.0,0.0,0.9999999999999998,1.0,0.6203703703703701,14
synthetic_28404,Prepare user guide for module deployment.,2025-08-01,Medium,user7,4.0,On Time,Documentation,To Do,0.457491879904559,0.12727272727272726,1.0,0,0,2.0,1.0,1.0,0.0,0.41666666666666674,1.0,0.5221560846560847,7
T0181,Refactor module for scalability,2025-07-28,Medium,User_3,1.0,Late,Testing,Completed,0.39999999999999997,0.05454545454545454,0.33333333333333326,0,0,5.0,0.0,2.0,1.0,0.0,0.5,0.13293650793650794,3
T0090,Schedule weekly team sync,2025-08-22,Low,User_5,4.0,Late,Testing,Pending,0.0,0.509090909090909,0.33333333333333326,0,0,5.0,2.0,1.0,0.0,0.5833333333333333,0.5,0.39682539682539675,28
T0037,Organize shared team files,2025-08-03,Low,User_6,8.0,On Time,Development,Completed,0.7083333333333333,0.16363636363636364,0.33333333333333326,0,1,2.0,0.0,1.0,1.0,0.6666666666666667,1.0,0.4371693121693121,9
T0172,Review peer pull requests,2025-08-19,Medium,User_9,3.0,Delayed,Documentation,In Progress,0.0,0.45454545454545453,0.33333333333333326,0,0,3.0,1.0,2.0,0.0,0.33333333333333326,0.3,0.3406084656084656,25
T0052,Update internal documentation,2025-08-05,Low,User_1,10.0,Late,Management,In Progress,0.0,0.19999999999999998,0.0,0,0,4.0,1.0,1.0,0.0,0.9999999999999998,0.5,0.41071428571428575,11
T0193,Refactor module for scalability,2025-09-09,Medium,User_9,3.0,Late,Documentation,Pending,0.0,0.8363636363636363,0.33333333333333326,0,0,3.0,2.0,2.0,0.0,0.33333333333333326,0.5,0.4656084656084655,46
T0112,Write integration tests for API,2025-08-27,Medium,User_5,5.0,On Time,Management,Pending,0.0,0.6,0.6666666666666665,0,0,4.0,2.0,2.0,0.0,0.5833333333333333,1.0,0.580026455026455,33
synthetic_19321,Plan sprint retrospective.,2025-08-15,Low,user10,2.0,Needs Improvement,Management,To Do,0.6032075779948456,0.3818181818181818,0.0,0,0,2.0,1.0,1.0,0.0,0.41666666666666674,0.3,0.5221560846560847,21
T0015,Send status update to manager,2025-09-18,Low,User_1,6.0,Delayed,Development,In Progress,0.0,1.0,0.6666666666666665,0,0,2.0,1.0,1.0,0.0,0.9999999999999998,0.3,0.7493386243386243,55
T0134,Update user guides,2025-09-08,Medium,User_8,6.0,On Time,Documentation,Pending,0.0,0.8181818181818181,0.0,0,0,3.0,2.0,2.0,0.0,0.16666666666666674,1.0,0.4596560846560847,45
T0114,Update user guides,2025-07-23,Medium,User_7,8.0,Late,Management,In Progress,0.0,0.0,0.0,0,0,4.0,1.0,2.0,0.0,0.5833333333333333,0.5,0.25661375661375657,0
synthetic_29687,Redesign profile section layout.,2025-07-28,Medium,user3,3.0,Late,Design,To Do,0.7038309786375946,0.05454545454545454,0.33333333333333326,0,0,2.0,1.0,1.0,0.0,0.41666666666666674,0.5,0.5221560846560847,3
T0214,Patch security vulnerability in auth system,2025-07-22,High,User_5,8.0,Delayed,Development,In Progress,0.0,0.0,1.0,0,0,2.0,1.0,0.0,0.0,0.5833333333333333,0.3,0.5958994708994709,0
T0170,Review peer pull requests,2025-09-14,Medium,User_4,1.0,Late,Documentation,Pending,0.0,0.9272727272727272,0.33333333333333326,0,1,3.0,2.0,2.0,0.0,0.08333333333333326,0.5,0.41865079365079366,51
T0151,Refactor module for scalability,2025-07-28,Medium,User_6,6.0,Delayed,DevOps,Pending,0.0,0.05454545454545454,0.33333333333333326,0,0,1.0,2.0,2.0,0.0,0.6666666666666667,0.3,0.3247354497354497,3
T0300,Restore database from backup,2025-09-18,High,User_3,4.0,Delayed,DevOps,Completed,0.5166666666666666,1.0,0.33333333333333326,0,0,1.0,0.0,0.0,1.0,0.0,0.3,0.5575396825396824,55
synthetic_20731,Conduct weekly team review.,2025-07-31,High,user2,6.0,On Time,Management,To Do,0.3521732031727994,0.10909090909090909,0.33333333333333326,0,0,2.0,1.0,1.0,0.0,0.41666666666666674,1.0,0.5221560846560847,6
T0081,Clean up old logs from server,2025-07-23,Low,User_1,1.0,Late,Design,In Progress,0.0,0.0,1.0,0,0,0.0,1.0,1.0,0.0,0.9999999999999998,0.5,0.3333333333333333,0
synthetic_33526,Update Docker configurations.,2025-08-12,Medium,user5,6.0,Needs Improvement,DevOps,To Do,0.3365726607583437,0.32727272727272727,0.0,0,0,2.0,1.0,1.0,0.0,0.41666666666666674,0.3,0.5221560846560847,18
T0084,Clean up old logs from server,2025-09-03,Low,User_10,1.0,On Time,Design,In Progress,0.0,0.7272727272727273,1.0,0,0,0.0,1.0,1.0,0.0,0.33333333333333326,1.0,0.5833333333333334,40
T0138,Review peer pull requests,2025-09-18,Medium,User_5,10.0,Late,Documentation,In Progress,0.0,1.0,0.33333333333333326,0,0,3.0,1.0,2.0,0.0,0.5833333333333333,0.5,0.7876984126984127,55
T0108,Write integration tests for API,2025-08-12,Medium,User_5,5.0,On Time,Development,Pending,0.0,0.32727272727272727,0.6666666666666665,0,0,2.0,2.0,2.0,0.0,0.5833333333333333,1.0,0.49074074074074076,18
synthetic_10372,Prepare user guide for module deployment.,2025-08-13,Medium,user7,1.0,Excellent,Documentation,To Do,0.7693535223603387,0.34545454545454546,1.0,0,0,2.0,1.0,1.0,0.0,0.41666666666666674,1.2,0.5221560846560847,19
T0068,Schedule weekly team sync,2025-08-30,Low,User_4,6.0,Delayed,Design,Completed,0.32499999999999996,0.6545454545454545,0.33333333333333326,0,1,0.0,0.0,1.0,1.0,0.08333333333333326,0.3,0.5211640211640213,36
T0073,Organize shared team files,2025-09-03,Low,User_5,10.0,On Time,Development,Pending,0.0,0.7272727272727273,0.33333333333333326,0,0,2.0,2.0,1.0,0.0,0.5833333333333333,1.0,0.6984126984126985,40
synthetic_66770,Automate regression test cases.,2025-07-28,High,user4,9.0,Late,Testing,To Do,0.310756877623894,0.05454545454545454,0.33333333333333326,0,0,2.0,1.0,1.0,0.0,0.41666666666666674,0.5,0.5221560846560847,3
T0265,Fix critical bug in deployment pipeline,2025-08-23,High,User_5,10.0,Late,Development,Completed,0.3583333333333333,0.5272727272727272,1.0,0,1,2.0,0.0,0.0,1.0,0.5833333333333333,0.5,0.8630952380952382,29
T0173,Update user guides,2025-07-29,Medium,User_2,5.0,Late,Development,In Progress,0.0,0.07272727272727272,0.0,0,0,2.0,1.0,2.0,0.0,0.41666666666666674,0.5,0.17724867724867727,4
T0079,Schedule weekly team sync,2025-09-12,Low,User_5,4.0,On Time,Testing,Pending,0.0,0.8909090909090909,0.33333333333333326,0,0,5.0,2.0,1.0,0.0,0.5833333333333333,1.0,0.5218253968253969,49
T0099,Clean up old logs from server,2025-08-26,Low,User_10,4.0,On Time,DevOps,In Progress,0.0,0.5818181818181818,1.0,0,0,1.0,1.0,1.0,0.0,0.33333333333333326,1.0,0.6507936507936509,32
T0127,Review peer pull requests,2025-08-25,Medium,User_2,7.0,Late,Development,Completed,0.9916666666666667,0.5636363636363636,0.33333333333333326,0,0,2.0,0.0,2.0,1.0,0.41666666666666674,0.5,0.5297619047619047,31
T0141,Write integration tests for API,2025-08-14,Medium,User_4,2.0,Late,Testing,In Progress,0.0,0.36363636363636365,0.6666666666666665,0,0,5.0,1.0,2.0,0.0,0.08333333333333326,0.5,0.38756613756613756,20
T0055,Organize shared team files,2025-08-16,Low,User_3,3.0,Late,DevOps,Pending,0.0,0.39999999999999997,0.33333333333333326,0,1,1.0,2.0,1.0,0.0,0.0,0.5,0.3227513227513227,22
synthetic_54531,Plan sprint retrospective.,2025-08-06,Low,user1,6.0,On Time,Management,To Do,0.3777520625634977,0.21818181818181817,0.0,0,0,2.0,1.0,1.0,0.0,0.41666666666666674,1.0,0.5221560846560847,12
T0032,Send status update to manager,2025-09-04,Low,User_6,7.0,On Time,Design,Completed,0.3,0.7454545454545454,0.6666666666666665,0,0,0.0,0.0,1.0,1.0,0.6666666666666667,1.0,0.7043650793650794,41
